Employee_ID,Attrition_rate
EID_22713,0.20095276014971
EID_9658,0.1808521895122438
EID_22203,0.18204040839963959
EID_7652,0.18927029972208562
EID_6516,0.2105739921516483
EID_20283,0.17852348365159032
EID_21014,0.19213596777418654
EID_7693,0.20041551654920264
EID_13232,0.1925671068953365
EID_6515,0.19510176675315463
EID_13639,0.187897563419961
EID_14669,0.1948437993833262
EID_16537,0.195030594787889
EID_5782,0.17565223246411055
EID_20157,0.19061534995934723
EID_1855,0.16605938989828323
EID_20748,0.2085030607639793
EID_23179,0.2027135964939394
EID_12838,0.18066071315991108
EID_21656,0.1829357798360365
EID_8844,0.18217540807122323
EID_1536,0.19292926083802805
EID_8822,0.18578327558192537
EID_11398,0.19171699601549144
EID_12965,0.1991090933799701
EID_5204,0.17987533100203731
EID_10030,0.2083525707524849
EID_13227,0.17457537591117672
EID_20607,0.20636492813921817
EID_14070,0.19268673154001376
EID_3755,0.18789397437411323
EID_5459,0.19479826471297904
EID_7697,0.1895563229824343
EID_3935,0.17615478163525103
EID_19046,0.19407854401559368
EID_4040,0.18050319886182958
EID_17730,0.18035903547916599
EID_4995,0.1855598699348958
EID_24653,0.1785102266628669
EID_6978,0.1755967105561616
EID_13775,0.1970280439718706
EID_14608,0.18140526451701527
EID_3148,0.1946530493650887
EID_24868,0.18405586893727066
EID_5521,0.1778999922718812
EID_21155,0.1920425663571441
EID_3840,0.17177818021359095
EID_10646,0.18468665806598594
EID_6711,0.19475337852992292
EID_16247,0.18914935851923803
EID_16789,0.1893357290317884
EID_17967,0.183995958407798
EID_13270,0.19761451416928164
EID_18462,0.17825207652778635
EID_22248,0.20610160626672122
EID_22693,0.18745755459195948
EID_25662,0.1896513775357028
EID_23346,0.184535386903097
EID_4437,0.19367396683868543
EID_18108,0.18398637434742524
EID_7000,0.18747959824593025
EID_22770,0.2062665917928478
EID_7816,0.18651343691510192
EID_19615,0.18122084746752834
EID_23807,0.1929239174213769
EID_16764,0.19426542780954886
EID_16818,0.1817321363112316
EID_22712,0.18854375734863896
EID_18198,0.1971426582823071
EID_11154,0.19454254944253574
EID_22137,0.17838276666750885
EID_11655,0.18101734931656416
EID_18514,0.18742020779115842
EID_24742,0.18526501473389229
EID_16019,0.18697163471543216
EID_7357,0.1759450445654175
EID_20106,0.18683210031292677
EID_13284,0.1895920126151054
EID_5451,0.17923147159121036
EID_19728,0.19919819637933198
EID_9178,0.19650055287479343
EID_13177,0.17740283169299723
EID_14300,0.1960428406886709
EID_4379,0.18740233733858452
EID_11285,0.1830736339348474
EID_14882,0.1956046460821769
EID_9969,0.19255057967130287
EID_23643,0.18211473704663264
EID_5935,0.1907790843371264
EID_7741,0.18636737649339563
EID_6176,0.1922947423634595
EID_5418,0.2005740305736165
EID_20626,0.19967244573461995
EID_1725,0.18844601198969885
EID_14317,0.19156748128596798
EID_12120,0.19196803705969728
EID_20264,0.18074694598274613
EID_16691,0.1705470933646601
EID_1093,0.17872991908824923
EID_2565,0.16866137959883323
EID_11463,0.1821221851685415
EID_12005,0.18668367711205017
EID_10326,0.1969489509610685
EID_12582,0.20229682580763145
EID_18228,0.1874261740479111
EID_11670,0.19682211267460706
EID_24257,0.1843608373836884
EID_7024,0.17917034807133544
EID_10382,0.19066864058542313
EID_20210,0.19199500988918775
EID_10294,0.1930003531119204
EID_19941,0.2079770675263718
EID_25572,0.19539039874905734
EID_7758,0.1791052197184284
EID_22718,0.1937815012816036
EID_1078,0.18196252992258144
EID_8227,0.18595678325064496
EID_1702,0.17522921807208042
EID_3532,0.17364985513638534
EID_22452,0.19713365489057436
EID_3019,0.17920658244913085
EID_22264,0.1907897459460334
EID_9866,0.18109221270134898
EID_3520,0.1694671166501167
EID_21098,0.1938827407467749
EID_1186,0.1896129309546278
EID_12355,0.1854622470770418
EID_11020,0.19394416126373723
EID_19193,0.18463817518100334
EID_17787,0.1839410292613941
EID_13719,0.19063985645363668
EID_24449,0.1930691542043706
EID_12957,0.19530692363569196
EID_24794,0.1861418990129213
EID_2866,0.17682041360337517
EID_10563,0.19851346434899672
EID_22492,0.1820084816798553
EID_4106,0.19503661353969773
EID_6648,0.2041269227503618
EID_7209,0.20020365448926158
EID_9692,0.18741727197417773
EID_22763,0.18550959549472407
EID_12622,0.18912243613041405
EID_9831,0.18788889294939837
EID_5731,0.17466828116201893
EID_1114,0.17036332015023223
EID_25017,0.21290417835769654
EID_22956,0.1951096761670223
EID_5549,0.1880682262415551
EID_12022,0.18102228980237595
EID_8034,0.1775698053775282
EID_20644,0.18735976919497474
EID_20125,0.18764438526695487
EID_21957,0.1815340163219224
EID_8870,0.18037815620418335
EID_2305,0.1861892731007518
EID_3977,0.17170106486554498
EID_14845,0.1713044558032443
EID_6629,0.17880033432285578
EID_14577,0.1926727021691972
EID_24509,0.18520726737195986
EID_1530,0.18766057994559032
EID_21524,0.19769229244857858
EID_6647,0.17310936795901705
EID_19730,0.19848508524065217
EID_4424,0.17201658468834574
EID_7964,0.18169920093560962
EID_6289,0.18285952117752116
EID_2899,0.19431006179645338
EID_2827,0.17346185652079138
EID_8801,0.19955056359937148
EID_20454,0.20814242736817798
EID_18988,0.1941460857097509
EID_8405,0.19807903191070325
EID_14497,0.19631159728010925
EID_11769,0.19673683544819268
EID_21353,0.18905916353974375
EID_2221,0.1808417268832465
EID_13218,0.1778679453597854
EID_4576,0.20415577945676425
EID_17470,0.19857245199053405
EID_14817,0.19448649226454706
EID_21845,0.19671471705936197
EID_21987,0.17323763113174653
EID_1168,0.17844100229117757
EID_14315,0.19772837023534656
EID_5043,0.18983243117586182
EID_1967,0.19310942479655466
EID_22274,0.18975433175709097
EID_11091,0.1844638973887587
EID_18421,0.18461751643725138
EID_8316,0.1958541497615285
EID_13308,0.201725003336032
EID_19481,0.1705037227153867
EID_17732,0.19883175263448954
EID_4504,0.1934506693325613
EID_2539,0.18735196043787433
EID_19529,0.1775094612462636
EID_2279,0.18347507664706517
EID_14508,0.1821449004680211
EID_12241,0.18267266066423857
EID_11530,0.18073873627296963
EID_20147,0.1700287496361394
EID_6154,0.19854057146782728
EID_3523,0.19023788078899745
EID_20453,0.20458587480492274
EID_11929,0.1909226580286622
EID_12840,0.1974078460984001
EID_22320,0.1944518252787613
EID_25383,0.19024501120258477
EID_10731,0.21211331605785258
EID_1017,0.17006048401496882
EID_1819,0.2036366582189727
EID_22849,0.18588217047290728
EID_12290,0.1879952003652928
EID_24238,0.1868405522332499
EID_3105,0.18683527992879304
EID_14242,0.20335698344139708
EID_16569,0.1916702731205025
EID_8094,0.19440210772547942
EID_7824,0.19015219057242988
EID_8978,0.18136168348927342
EID_25314,0.19886131495929227
EID_17810,0.20056532684868386
EID_14856,0.1859067323733788
EID_22144,0.18930023174799787
EID_23603,0.16645174188643772
EID_7211,0.194301432817017
EID_19340,0.20929741670245722
EID_1501,0.18648125547055766
EID_22111,0.1876349361750711
EID_16147,0.1822068021181248
EID_16746,0.18416830893052288
EID_20777,0.18652326719699236
EID_12999,0.19959415382285967
EID_21663,0.19410025512801302
EID_11862,0.1941298406915964
EID_17683,0.20293819149340686
EID_19819,0.19481652983851278
EID_21562,0.19361156494505044
EID_24390,0.1777465038875754
EID_14444,0.20730822334420926
EID_3261,0.1885576493756802
EID_7752,0.18453266024141526
EID_3033,0.1919273372502335
EID_22433,0.17089922121711001
EID_23727,0.17259308072657611
EID_24107,0.19953073923562925
EID_22537,0.214953938729685
EID_13645,0.19317843246174068
EID_16021,0.1712939121810646
EID_19800,0.18675882100993008
EID_1944,0.1980027316653695
EID_15868,0.18492072891813335
EID_22188,0.19611691406897686
EID_13833,0.19797899177864883
EID_15028,0.1940293845897609
EID_24861,0.17211786546271066
EID_13033,0.19454127707140315
EID_23673,0.1678562918509519
EID_13265,0.17621164860386118
EID_23411,0.20671884487736747
EID_3761,0.1771707788902046
EID_7299,0.17396927586647717
EID_2379,0.19617884822268236
EID_18863,0.20525230826469532
EID_12115,0.17334160558119607
EID_23879,0.19379098974190334
EID_16586,0.19908599345068473
EID_19003,0.1843505149854714
EID_11107,0.21061119578741416
EID_15416,0.18567146198787257
EID_19214,0.18786807039831016
EID_5135,0.20739781414550007
EID_22464,0.19535379844293893
EID_22759,0.1885805255385379
EID_17833,0.19257602633111115
EID_17627,0.18960633860638085
EID_25730,0.17922475695393178
EID_2377,0.18495839294961114
EID_18085,0.18288710652466836
EID_14096,0.19043570481320146
EID_8384,0.19447559771371728
EID_17105,0.19322520727688094
EID_9929,0.19561602883237758
EID_13267,0.19859407623046227
EID_12954,0.1883625762437127
EID_4464,0.1810780061599057
EID_11464,0.18858362887277583
EID_19308,0.1878679972742778
EID_17530,0.20290336099519815
EID_6981,0.17668933841841394
EID_19951,0.1871033600193011
EID_1100,0.19023264049918118
EID_25145,0.1769825917386376
EID_15614,0.18781697624748234
EID_2961,0.18647978910346746
EID_1742,0.18814840003931785
EID_2843,0.19815423864899961
EID_9549,0.18880326178644616
EID_12832,0.18848243313361035
EID_17914,0.20287179086118834
EID_22832,0.1776321921552587
EID_5755,0.1844331295875106
EID_1141,0.18250307599473567
EID_18954,0.19257346093065922
EID_10824,0.1936470921018166
EID_24478,0.1844640843020896
EID_14916,0.1816095185106541
EID_4434,0.17213290798352388
EID_23650,0.19252429464350276
EID_16556,0.1807337992220954
EID_24656,0.189120246988193
EID_25965,0.18799403141710566
EID_9279,0.1880851898987356
EID_13802,0.20327337825164413
EID_2748,0.1984448903083773
EID_17346,0.2086749865382709
EID_1171,0.1884126406781558
EID_1552,0.1884693645023029
EID_20674,0.1846757990377443
EID_2475,0.19145662140342765
EID_16714,0.1817522447289653
EID_7857,0.1768362955784383
EID_3294,0.18973321366776594
EID_2280,0.17453124109342472
EID_10203,0.18324617637640045
EID_22162,0.1954879236434425
EID_10438,0.19076125407394126
EID_12898,0.1888016256370355
EID_4358,0.17771668564479753
EID_6179,0.18886741664500753
EID_2538,0.17470106634070415
EID_13110,0.17726148445093126
EID_24585,0.19763102791751047
EID_1006,0.18665865548967572
EID_11632,0.1913253781149372
EID_21011,0.19065550523444563
EID_16869,0.20989155058351613
EID_20564,0.1924210214459474
EID_12996,0.20774449512145401
EID_1503,0.18294220686414908
EID_23053,0.19559944914498525
EID_22049,0.17506122410518682
EID_4346,0.20912355918049114
EID_1887,0.17505725479531023
EID_16849,0.19475044808099148
EID_10071,0.18202149805959245
EID_11265,0.20314560804043183
EID_12611,0.19024851858390054
EID_25542,0.1871731606232461
EID_11582,0.18902694218200597
EID_19550,0.1794596529954206
EID_5351,0.19734584302216282
EID_3305,0.18933220477479565
EID_18846,0.19136881075658713
EID_24764,0.19602599301753992
EID_2191,0.19310261646394217
EID_6314,0.18922999738363394
EID_23248,0.1822087760818754
EID_4570,0.18720984619181952
EID_16415,0.17249509540165736
EID_11002,0.18413987754657243
EID_20498,0.18774573057714503
EID_7846,0.2039340146256068
EID_24121,0.1799267908112301
EID_7536,0.1859980932927503
EID_2015,0.17830318725081942
EID_7934,0.20835186919293763
EID_20903,0.18986738521590674
EID_17535,0.18978961391743787
EID_19760,0.1856421490807142
EID_9550,0.17975865079097497
EID_4261,0.18734864385848163
EID_19753,0.18224949667040372
EID_13542,0.1916978243801724
EID_24283,0.18859120720361192
EID_7552,0.20142698293317993
EID_11577,0.19192224832502955
EID_3228,0.18122407635640045
EID_17468,0.1944174002286987
EID_15815,0.18004532678620655
EID_2093,0.18108295873481142
EID_21356,0.17996560609817644
EID_12357,0.1866956798075092
EID_18495,0.18291100738739863
EID_5098,0.18943560151780933
EID_12691,0.17857716655493966
EID_13240,0.1854084290161666
EID_19312,0.18166326179582418
EID_23914,0.1934293897528586
EID_23175,0.19908415061695942
EID_15413,0.18999835304252458
EID_4785,0.19750807923030025
EID_25933,0.18139504958227465
EID_22705,0.1907773981189778
EID_19350,0.17658162202909544
EID_5369,0.19071917761373963
EID_20410,0.18606881763617805
EID_12557,0.19962928282027034
EID_17678,0.18750753399504766
EID_1342,0.19839896922109349
EID_12230,0.2132575854116345
EID_1311,0.1691129724984093
EID_5860,0.19891272308177615
EID_4259,0.18967396766167188
EID_10209,0.19842870524173079
EID_2300,0.19475032164318254
EID_17408,0.19969640432864294
EID_1883,0.1783684639594998
EID_1053,0.20877326561007997
EID_23610,0.18866553406513767
EID_17585,0.1881182344947801
EID_20845,0.1955287332907823
EID_15683,0.185257557834892
EID_11976,0.18864723932757338
EID_12031,0.1818472467345814
EID_1711,0.18537516685543676
EID_6239,0.1805783750396192
EID_25541,0.178284468289731
EID_9308,0.17816665861664716
EID_18168,0.19499620283113694
EID_11934,0.181974137285954
EID_23472,0.185584995673196
EID_13731,0.1825125759050822
EID_16069,0.19952935845413544
EID_18276,0.17533940445796986
EID_6141,0.18077382728499294
EID_12061,0.19849341730763448
EID_9450,0.1690017023623427
EID_21730,0.18984414657341972
EID_19506,0.18794517327389962
EID_13552,0.18031579800300826
EID_9945,0.1864510307587899
EID_1924,0.17162113978021062
EID_18453,0.18523080090421848
EID_20225,0.2004102584464521
EID_18673,0.20527309486224454
EID_11420,0.19021680547568093
EID_16631,0.1899011234174076
EID_21237,0.18082213078387124
EID_5015,0.1886400016407225
EID_20179,0.2066447979137493
EID_12073,0.18226460638093928
EID_21147,0.17381248302943536
EID_6714,0.17897648584430306
EID_10645,0.19288061670480908
EID_18298,0.19429331528380148
EID_2640,0.1793653172473263
EID_2318,0.19327526976212048
EID_25226,0.18812891378636737
EID_24099,0.1817480186247346
EID_20938,0.2159238262831332
EID_8377,0.19593082717218283
EID_7023,0.20008736464379742
EID_11385,0.19128957195571555
EID_15016,0.18338596130354398
EID_25794,0.18075901168104058
EID_11494,0.21079898621038035
EID_2425,0.18681728649833065
EID_9847,0.19149848433888553
EID_3570,0.1836886492047908
EID_13573,0.19014672375315242
EID_13780,0.1829369446444133
EID_2949,0.1955639686427347
EID_19834,0.18635364299900592
EID_11384,0.2010181979207996
EID_23154,0.19795180789025207
EID_9337,0.19014345315601494
EID_3653,0.1944374233323083
EID_4850,0.1869212892556487
EID_16283,0.18963141898528427
EID_5107,0.17072821684377962
EID_25156,0.19105120810635723
EID_17223,0.1870052457649961
EID_14695,0.17629545241817168
EID_11374,0.1770306524167996
EID_13672,0.19479309875703293
EID_6782,0.18705609705313397
EID_25074,0.20408336067161736
EID_21087,0.19392835049450027
EID_13017,0.20766968427496185
EID_9947,0.20218445234585922
EID_21221,0.19365395565750382
EID_21639,0.17306077322550262
EID_20333,0.18121150068154765
EID_2970,0.1800068762507751
EID_7624,0.19044526194289083
EID_15741,0.20082004599987846
EID_1312,0.18551635738030037
EID_19575,0.16669703345258433
EID_21047,0.19332573498499922
EID_11969,0.1988810652956935
EID_19145,0.1992881076711766
EID_9871,0.18801695347742
EID_18852,0.17962904317568268
EID_22326,0.18295042820317742
EID_7259,0.17994590208811012
EID_21920,0.19536610272313523
EID_1436,0.1893486580309281
EID_8261,0.17807801185013863
EID_23228,0.21679243753747174
EID_5560,0.1739000436631872
EID_22357,0.2074655516766994
EID_4816,0.19122477319393744
EID_10000,0.18750312629600355
EID_21908,0.1710541210512908
EID_14887,0.17784993702360483
EID_12497,0.19236416566284698
EID_17976,0.19538460416034917
EID_17356,0.18739210693848818
EID_9785,0.17076329474249213
EID_16224,0.1938719346766102
EID_6020,0.17941396648879607
EID_20716,0.21111237612981293
EID_11351,0.20478351084909294
EID_20899,0.19786001630907663
EID_9718,0.18198688449277087
EID_9479,0.18134435868271082
EID_25048,0.18705862899409262
EID_23370,0.17894755671090337
EID_13877,0.2030493393642496
EID_12256,0.18809966065569977
EID_1903,0.16412881640917026
EID_8830,0.17027617368747805
EID_22060,0.18952940868802085
EID_11996,0.1888062466452875
EID_21061,0.18526399270745916
EID_22604,0.1882781580559418
EID_18463,0.19780776936553648
EID_11375,0.19085751288481637
EID_2685,0.1817231797780905
EID_16010,0.20346794744960714
EID_19288,0.1745721605279909
EID_9283,0.1851983889974224
EID_11122,0.17404991020330252
EID_6638,0.1912456267146882
EID_25516,0.2058217482103732
EID_3864,0.18363299602459185
EID_9746,0.1857971930576773
EID_8407,0.18787846506295225
EID_25463,0.19292208809336142
EID_23098,0.18847527040810735
EID_22512,0.18270363907068113
EID_14671,0.1865182674779679
EID_18482,0.19065785842541855
EID_8151,0.19829962661782435
EID_16624,0.2036133864293148
EID_1983,0.1933397698922842
EID_18445,0.1824321473294703
EID_11891,0.18684037516210347
EID_2010,0.19652579454047492
EID_4592,0.19193666469371398
EID_17412,0.2001900177557706
EID_24883,0.18938880637346375
EID_15661,0.1854302943649976
EID_11757,0.19013223026190212
EID_2627,0.18205426780170883
EID_13243,0.19226088288961707
EID_10917,0.194866180320296
EID_4360,0.18229815491138376
EID_13536,0.20697503444631965
EID_10695,0.19346212612808228
EID_5746,0.1656543677690194
EID_1178,0.1912778315734962
EID_15290,0.1978849206841559
EID_3540,0.17936822399628755
EID_14684,0.20005284229659018
EID_7914,0.18981546236485838
EID_23733,0.2038294371641764
EID_5907,0.1889245102262
EID_5142,0.18636628017320073
EID_7686,0.19070214780720712
EID_12078,0.19090548346231895
EID_4880,0.17725815660826463
EID_1527,0.1926332322308218
EID_15919,0.20032764522002
EID_1260,0.19209198117301088
EID_22377,0.18318786418918132
EID_7876,0.18559002944636874
EID_1213,0.17710245535756647
EID_4161,0.1775038386025279
EID_3214,0.1737901266112399
EID_17651,0.18583769653298193
EID_8005,0.17591951443038983
EID_12852,0.18654032081156743
EID_21465,0.19639065843050407
EID_7371,0.18384935167131997
EID_25687,0.18684324165634142
EID_17222,0.1814825453305467
EID_1994,0.1694154464600239
EID_22384,0.19376520783775922
EID_6344,0.18462322678948845
EID_18801,0.1920879215555123
EID_13688,0.19633802818454082
EID_13779,0.19372986096841352
EID_24969,0.19202922996443555
EID_15311,0.20006165848259433
EID_9095,0.19964563729013263
EID_11675,0.1895576224144796
EID_14870,0.19574329301786247
EID_1575,0.1885424665948352
EID_7440,0.1805335776245379
EID_24259,0.17384604959086508
EID_19501,0.18933397005792527
EID_23743,0.1748924982183339
EID_13287,0.19271178832608754
EID_2226,0.19046976370438776
EID_22439,0.17079835100284377
EID_16078,0.1900492931209678
EID_18895,0.1899130700342174
EID_19860,0.19282040845975937
EID_24564,0.1886014872806503
EID_21747,0.17604120236217277
EID_4659,0.2107725828490517
EID_24149,0.1971502219014798
EID_13300,0.1757363409117128
EID_16950,0.19180342105461376
EID_23778,0.19237837187942056
EID_14691,0.2021413266094429
EID_10789,0.1987104687272593
EID_5525,0.18602315266229552
EID_19424,0.1906785913168362
EID_6171,0.1799450611396622
EID_19569,0.18123340229278578
EID_4602,0.19813635671192034
EID_17919,0.2036310280770146
EID_4286,0.1799369811963562
EID_1973,0.17649757437066513
EID_25715,0.18205736168056352
EID_23385,0.19512215855930648
EID_13681,0.210642672568999
EID_25410,0.2048431449987761
EID_18267,0.2054554235600494
EID_15252,0.18305761383891594
EID_23214,0.20054680973255024
EID_18551,0.20437744089797272
EID_2401,0.18810640162931688
EID_7609,0.19481868099330582
EID_21291,0.19906273906281657
EID_10126,0.18671181384653626
EID_19714,0.1908260602264388
EID_4911,0.1886270897740426
EID_12505,0.18583915896012795
EID_10377,0.19460653882402398
EID_3407,0.17935585240989155
EID_3386,0.17150760840651286
EID_7623,0.18996243076789976
EID_19517,0.18567215303827284
EID_21782,0.20215977192997817
EID_12361,0.17413904611584802
EID_21171,0.17221715434528279
EID_17836,0.2108735885949874
EID_20286,0.1912498014313205
EID_25798,0.16902753411940938
EID_15699,0.1859724674258735
EID_17006,0.2018573537534208
EID_22476,0.18695451659580228
EID_9406,0.1856302650850417
EID_13559,0.18562963723021042
EID_1340,0.17783720747385542
EID_17848,0.19403631070745392
EID_20358,0.19005560437769456
EID_14265,0.19087932901728902
EID_9820,0.1979684945097276
EID_13755,0.18142213591170678
EID_13293,0.19808656857763876
EID_25837,0.19807844857548382
EID_20466,0.19788644687730406
EID_11032,0.19430942819616528
EID_2399,0.1938819798273977
EID_23917,0.20033681339986786
EID_17011,0.19736676581976695
EID_8967,0.17413757103446142
EID_24468,0.1998861671038799
EID_8435,0.17691930162134523
EID_17953,0.1849464483561866
EID_7140,0.18280442930743676
EID_24404,0.178787917724761
EID_14380,0.20215899407167756
EID_1232,0.17652591059840406
EID_1573,0.18797057210555
EID_3684,0.18391082717450077
EID_15824,0.1933184425379621
EID_9212,0.1910184208324023
EID_21121,0.1946508315612986
EID_6346,0.19278876449385784
EID_9525,0.1718691511163517
EID_9726,0.2003421849261237
EID_2526,0.1764808912824855
EID_4228,0.18273597291876048
EID_14595,0.20127568009555713
EID_15856,0.1960982751379618
EID_6768,0.19367468727815057
EID_23953,0.1990642872138575
EID_19059,0.1805122574272318
EID_5268,0.19226384688025033
EID_7619,0.17259631677955573
EID_23028,0.19271977143331892
EID_22104,0.1934451013689819
EID_10318,0.21126407132106995
EID_25369,0.18379004117385983
EID_16633,0.18498552904474272
EID_15848,0.20254522297222127
EID_2240,0.19336254014611287
EID_1059,0.16296781084947365
EID_9315,0.18463582870376552
EID_15388,0.19573378225482246
EID_9984,0.18664642534504447
EID_4296,0.18515784722246068
EID_10927,0.18652306937041063
EID_25054,0.19192260719718582
EID_1884,0.19134900019841633
EID_21960,0.17054001153530488
EID_5572,0.18690576277391033
EID_16872,0.18911028018405387
EID_24525,0.1867516264709395
EID_14237,0.19444196206733977
EID_7114,0.2051841275680715
EID_7448,0.1892939750381903
EID_17668,0.18747132392225094
EID_7674,0.18301000485143193
EID_5884,0.19241960529114063
EID_13942,0.17827623591712874
EID_13098,0.203612390933973
EID_7695,0.20418663818229282
EID_5350,0.19261251895827125
EID_22853,0.17767885042035123
EID_2385,0.19328142547254834
EID_18006,0.1879370017997399
EID_12875,0.19214348384957725
EID_5478,0.20306887039805735
EID_18690,0.17868288215145336
EID_12545,0.20316911177214486
EID_13888,0.18883305207311127
EID_9732,0.2056078443084438
EID_18001,0.19934457923788618
EID_17479,0.18796402074852633
EID_23757,0.1985618050282189
EID_1303,0.18486382301522913
EID_5375,0.1834370290189789
EID_5869,0.18380958034941502
EID_8825,0.2054609049591493
EID_22567,0.19008743214945428
EID_16273,0.17882834069566972
EID_20618,0.18490785011345146
EID_3608,0.18084953874783435
EID_8806,0.18887533527881625
EID_23170,0.18754379055773257
EID_12243,0.20241680771667797
EID_20089,0.19557896615314074
EID_16852,0.18518175862982786
EID_18312,0.18517085864320046
EID_14010,0.20204280924059057
EID_14705,0.20171446525175113
EID_20956,0.18450483609479973
EID_18794,0.18098442904537002
EID_1629,0.19560396124621993
EID_25483,0.19305036896202837
EID_4542,0.19828741137345296
EID_10076,0.22222513857281462
EID_9469,0.18320458383920352
EID_25284,0.20342992792706968
EID_11972,0.19290671329568992
EID_1798,0.1738268579302604
EID_21903,0.1863200567821001
EID_20031,0.18796974612782233
EID_20365,0.17997818722459194
EID_9210,0.18311942096800685
EID_19750,0.19699595256338706
EID_4006,0.18150258525329732
EID_24922,0.18630973948063462
EID_4760,0.17935833239139248
EID_11035,0.18039713022219667
EID_21008,0.18677299396702354
EID_23731,0.17546288729204068
EID_21788,0.20314516407800387
EID_5428,0.1845780114946402
EID_14023,0.199824554132162
EID_2937,0.18498602438281483
EID_16931,0.17647171561738847
EID_18299,0.19099146881891474
EID_6660,0.20078735079265259
EID_23187,0.20952225128439872
EID_14868,0.19330214724894101
EID_23247,0.17678750179326336
EID_15971,0.188588506716648
EID_7852,0.18774811717572773
EID_7017,0.18106410155651728
EID_7494,0.18382563879671132
EID_18706,0.19526147909021402
EID_22784,0.1941165715017781
EID_10756,0.18930060888477132
EID_6854,0.1770503812128304
EID_12554,0.18615802159805628
EID_1162,0.19068684862675106
EID_19581,0.1816344032436705
EID_2169,0.19334136324095846
EID_25149,0.18543261780283396
EID_22575,0.18645558968071693
EID_2265,0.17810562873951624
EID_19668,0.18284384968185766
EID_19245,0.19147783575859126
EID_8194,0.1926943906668889
EID_8081,0.20277928001680828
EID_8670,0.18340890217224937
EID_7992,0.18857872631945663
EID_6596,0.18330729626282063
EID_3699,0.1962751602040069
EID_9698,0.2107580202613522
EID_1847,0.18096039895663132
EID_16179,0.193232386352535
EID_23663,0.1885202968040873
EID_24287,0.19012799214542309
EID_3527,0.1801781262091146
EID_18652,0.18420588950541608
EID_24110,0.18796038673584564
EID_21419,0.19296803209147667
EID_12865,0.19510185286552345
EID_9237,0.19135605964349695
EID_20408,0.17771842672573684
EID_22934,0.19360212348805123
EID_6492,0.18210788366291847
EID_20285,0.19418800894386318
EID_1286,0.18825322781943057
EID_12542,0.195893299430691
EID_5523,0.19456541143795394
EID_1979,0.19222506959165134
EID_23146,0.18754448154080433
EID_4773,0.18292795431363773
EID_8785,0.19906901209869
EID_4463,0.1794268999152448
EID_24028,0.1630401783287604
EID_20920,0.19024554337661626
EID_21392,0.20395847592901795
EID_4079,0.18306539919200399
EID_5173,0.18198903595225738
EID_22915,0.1915444788651177
EID_18347,0.19149465862091875
EID_7984,0.17461953920466827
EID_25148,0.20849337616386399
EID_4350,0.200027001087896
EID_6909,0.17183128499717681
EID_10582,0.18751872745268997
EID_6248,0.19112490751177758
EID_10035,0.18652118894997383
EID_24603,0.2074454285612237
EID_1794,0.17531317369860416
EID_9407,0.18941626901830314
EID_2114,0.17900257130043884
EID_21125,0.1802068293711127
EID_15046,0.19575803440155384
EID_8058,0.18300892214782527
EID_1961,0.1653819665651076
EID_23324,0.19573656025087743
EID_21521,0.19756980545878589
EID_11043,0.18948399967185875
EID_6461,0.17957698852308437
EID_10398,0.1888533328784161
EID_20635,0.1812877217837189
EID_22940,0.19670220514185782
EID_8582,0.18388995505489067
EID_12770,0.19526265985252347
EID_15982,0.20352050264140292
EID_19692,0.2024372347309071
EID_18304,0.20477952000391955
EID_13603,0.1919557490895797
EID_6145,0.18107940591425947
EID_16587,0.19914675989053382
EID_16835,0.19873733867545484
EID_8399,0.17734643468690245
EID_7012,0.19773763862906707
EID_20575,0.18420845836198882
EID_20747,0.18346827357735276
EID_3907,0.18800061849715874
EID_22626,0.20116151757793357
EID_4442,0.18466123668811402
EID_18034,0.1878163507057568
EID_16055,0.20014930568112047
EID_21684,0.17153689999165242
EID_17499,0.2050990900504281
EID_1222,0.18198380500406217
EID_17204,0.1788268482876522
EID_22732,0.20810282100500166
EID_8539,0.1662619307850493
EID_23136,0.19954586380376999
EID_24470,0.18307269308798582
EID_17404,0.1807404738180195
EID_21498,0.1826788567544361
EID_19495,0.18589489746343218
EID_23966,0.171464731238908
EID_1388,0.17791509024504165
EID_7374,0.18261763635931932
EID_25441,0.20194931868800708
EID_16616,0.17679616178588786
EID_7654,0.19184826966454016
EID_4217,0.18297759347348302
EID_9968,0.17739329644617263
EID_17830,0.19022481976041625
EID_12023,0.20069356672609942
EID_24002,0.17265172838477297
EID_11371,0.19839361293674612
EID_11096,0.19609776161401413
EID_24835,0.20482120133967857
EID_17439,0.17830767577755197
EID_6587,0.2003643649106084
EID_21946,0.20001345914914936
EID_5431,0.18554939857815622
EID_4723,0.1793451468105263
EID_11535,0.2049614759717705
EID_2330,0.17927637934225968
EID_23531,0.19074749986003064
EID_8913,0.17506214282161592
EID_21273,0.1808627841853046
EID_11927,0.19280225941445925
EID_1385,0.18534273186930253
EID_15758,0.19506607600273987
EID_1023,0.18613385449530853
EID_8959,0.19503439297808944
EID_12911,0.18629990918612035
EID_15925,0.1779693593764917
EID_17769,0.2085497064734283
EID_19842,0.1892828423899902
EID_15875,0.18588176640277015
EID_21284,0.1803764354350392
EID_24825,0.19829390039527994
EID_23825,0.1925068091344313
EID_13001,0.19262678837807343
EID_25601,0.18267572473642577
EID_24670,0.19331436919948025
EID_24412,0.18498575217919733
EID_18712,0.19026826281067377
EID_21138,0.18629397279078602
EID_19335,0.18653813028476793
EID_16753,0.18590789618381207
EID_24399,0.1938724333592324
EID_12567,0.19577837051924363
EID_22161,0.18587508380571893
EID_12609,0.1776604873081838
EID_22249,0.18107331233453428
EID_5314,0.18212364985914806
EID_1897,0.19737529451529265
EID_22507,0.17232734684163253
EID_2878,0.19550747663872617
EID_10098,0.1858911887152737
EID_18435,0.22107297252879998
EID_8063,0.18596431196518715
EID_3512,0.1759338554139712
EID_24444,0.18745871396025068
EID_9813,0.1861071687928549
EID_25132,0.1966802723694601
EID_5613,0.2012498437351125
EID_14062,0.19525598974399852
EID_20073,0.20398177258881753
EID_12506,0.19154509577489132
EID_1092,0.2007048266624987
EID_15895,0.1825374987781951
EID_1039,0.19281604298966862
EID_22016,0.19928835664783826
EID_6764,0.18358915573565976
EID_17384,0.2077063286304572
EID_8705,0.17109353711285982
EID_14832,0.18999062280407783
EID_16473,0.19746949925501217
EID_11186,0.1811803000979164
EID_7476,0.176308372023605
EID_19671,0.20161611673513713
EID_14001,0.18771356846647308
EID_10658,0.18715789546914585
EID_6668,0.19266156765372877
EID_13786,0.20126250117731576
EID_11224,0.20000579233965535
EID_13296,0.19038652594646457
EID_22145,0.1740542433188105
EID_6494,0.1935203260756771
EID_1649,0.18417039675486563
EID_20878,0.1922432018715785
EID_3790,0.18529043225635866
EID_9257,0.19834630538747952
EID_14917,0.19141912395200986
EID_22052,0.2025152246790589
EID_1198,0.17822497510706697
EID_8478,0.1759443412382835
EID_2071,0.18283022862446924
EID_1250,0.17644273329590657
EID_9000,0.18056031752769625
EID_17319,0.18933833768519912
EID_21794,0.20354441657549815
EID_23350,0.2079324819742539
EID_16278,0.17646163314429836
EID_3330,0.17581026810853692
EID_12584,0.20880999809474787
EID_9354,0.1977663473535799
EID_15007,0.1902596466606692
EID_11656,0.1940144398708849
EID_22526,0.18459176747906964
EID_11027,0.19222083377727578
EID_21588,0.18949738893300988
EID_13717,0.19673322048424718
EID_8073,0.18050306199201085
EID_15972,0.19867755509246754
EID_5730,0.18899121976408512
EID_23968,0.17756967647953334
EID_4299,0.18024048972154655
EID_6302,0.18742364621990393
EID_6974,0.17459066586673302
EID_4829,0.1895486697631332
EID_21139,0.19095794253279205
EID_23456,0.17975030553150334
EID_20110,0.18413845745787868
EID_20342,0.19948339143167665
EID_15238,0.1892291004664576
EID_10349,0.1853222148302073
EID_10077,0.18301394991385248
EID_22330,0.1754430131208219
EID_4368,0.1952525754165004
EID_8859,0.1805660139623072
EID_24277,0.17250561662407185
EID_1061,0.18727982560030573
EID_5597,0.18945609703184185
EID_4820,0.2003425989793779
EID_5863,0.18175273689188406
EID_23680,0.1853015783513181
EID_5542,0.18010181165899272
EID_6203,0.1741233043877089
EID_5355,0.18306428265289035
EID_19669,0.18571036145455397
EID_21725,0.18967139324326557
EID_2138,0.1953904564525077
EID_24278,0.19124705749960638
EID_6591,0.1883040168358097
EID_21056,0.18168129707062544
EID_18759,0.2069770356360269
EID_12059,0.19059060740569306
EID_11077,0.2009800546041265
EID_17216,0.19832234230460094
EID_15655,0.1973336299309336
EID_19017,0.18810296017739583
EID_17846,0.2065604138014081
EID_6418,0.1909494907117697
EID_25942,0.1946697758696349
EID_5420,0.18357478252672135
EID_11764,0.1920730018984169
EID_16483,0.18800726084237884
EID_1901,0.1794144222336613
EID_21480,0.19064505153063513
EID_8006,0.21156055036831492
EID_1282,0.18790104560864862
EID_6895,0.18311187212415414
EID_13677,0.19660898720704573
EID_6071,0.18623776014425247
EID_14425,0.17959761847009612
EID_22685,0.1789658611282049
EID_20203,0.18695063893115782
EID_19161,0.18438354083875164
EID_1947,0.17998786933696717
EID_16574,0.17613898787957538
EID_2561,0.18960964251552911
EID_20668,0.19994630298727373
EID_7831,0.19027157273736992
EID_8769,0.16637284803359265
EID_25191,0.1829305299327613
EID_15590,0.20361853256951373
EID_12458,0.19606573825904816
EID_11406,0.17865013470938554
EID_17629,0.19384839352597893
EID_4632,0.19211811636228288
EID_18455,0.185350330401613
EID_23077,0.19329295411440064
EID_25024,0.18454572227192992
EID_6269,0.18005157889854534
EID_12100,0.1924455306138108
EID_23190,0.18889784951206623
EID_9030,0.19302953852826474
EID_12359,0.1875351001886249
EID_12041,0.19238153202499061
EID_2019,0.18949122625835696
EID_22974,0.20213168440092455
EID_10351,0.18013099168800545
EID_23630,0.20852194772747673
EID_7309,0.1901114265175668
EID_19821,0.2049853476408383
EID_4033,0.18763756451834007
EID_3435,0.1816272674132566
EID_5759,0.17707891670360945
EID_12826,0.1892603305021218
EID_8148,0.20029471001674973
EID_16088,0.18212750325346286
EID_15783,0.18906467192741622
EID_19521,0.20878086937506804
EID_13016,0.17641390526972803
EID_13708,0.19240339928429498
EID_4237,0.1902433769672939
EID_3620,0.18811264726578106
EID_10042,0.1867599624565013
EID_8833,0.17164879520600795
EID_21028,0.19479373906230574
EID_3485,0.1836127140185689
EID_23372,0.19960463539106452
EID_19410,0.19751859426348747
EID_6598,0.19920400564233456
EID_25371,0.19846774371611148
EID_19483,0.18337777197439756
EID_22826,0.17475558426243598
EID_23606,0.19060534871600618
EID_9346,0.19893365905040017
EID_1608,0.191947156584351
EID_1603,0.1827803113212416
EID_23041,0.20320717587548415
EID_7801,0.17872242999590748
EID_22456,0.1844660881881169
EID_24428,0.19880667044843914
EID_10811,0.19088196591095272
EID_24566,0.2088610388350184
EID_2531,0.19330017259718213
EID_10878,0.187958634077565
EID_19548,0.17578618907224675
EID_11988,0.20293785208477397
EID_11378,0.21111441873330505
EID_9896,0.19672746548085637
EID_17323,0.18999605473042175
EID_24976,0.1911688787809631
EID_11249,0.19350249349451673
EID_20395,0.1886853828468119
EID_18262,0.17693473430790754
EID_14670,0.19514186405202721
EID_12880,0.19845138964848175
EID_1406,0.18590668126353843
EID_23014,0.19260476478251976
EID_5224,0.19602204356446998
EID_3232,0.1829333724069535
EID_22327,0.19228064889111662
EID_2285,0.20389761995694938
EID_20468,0.18734525537046012
EID_4443,0.18968998819548089
EID_15641,0.18990380216106842
EID_8106,0.19236325089525436
EID_13958,0.1815784357702735
EID_10214,0.19647996092873177
EID_17739,0.19134645903177178
EID_13347,0.19115495126403392
EID_23453,0.1938997756848656
EID_1477,0.2013087902813471
EID_20224,0.17319199464059146
EID_2362,0.18457056459915053
EID_21421,0.1845750721926243
EID_7860,0.19832408943772564
EID_10286,0.1725098046968465
EID_7184,0.17858634838498716
EID_21742,0.18473799689861536
EID_21610,0.20460669631431405
EID_19375,0.19664795645220906
EID_18564,0.19594061471959293
EID_19108,0.20122388907064995
EID_17928,0.19003999912020986
EID_25613,0.18671534180463073
EID_23787,0.18189424322572323
EID_2392,0.20268718742587213
EID_7574,0.19847884800914153
EID_9810,0.1952018968132644
EID_14332,0.21950296567299446
EID_20937,0.19040406986178593
EID_7827,0.18144770890791417
EID_7457,0.18968032938086327
EID_11152,0.18582579609444652
EID_12917,0.17856798526661222
EID_18590,0.21797796643204126
EID_15327,0.19507489358066024
EID_11687,0.2028581838927409
EID_5179,0.1687379835889643
EID_5623,0.19257786842015212
EID_25331,0.1922090139205808
EID_24386,0.19471819640967142
EID_6507,0.19682830950051938
EID_7842,0.18978257647356334
EID_12018,0.1968698074959172
EID_6640,0.20106364198966076
EID_9872,0.19375057076555752
EID_2331,0.1982418420482085
EID_19685,0.18738805565396838
EID_25701,0.2045236060186825
EID_25681,0.18343949294431372
EID_20151,0.1838445272245825
EID_8980,0.19841629156692306
EID_12719,0.1905082061167312
EID_20075,0.186337771331304
EID_14984,0.1770560921690615
EID_8177,0.17333434607406045
EID_1360,0.19049276976786372
EID_24812,0.19380919986915032
EID_8480,0.19275404322269557
EID_14567,0.19391064142117173
EID_16194,0.20184457217478416
EID_10020,0.2021417105763322
EID_7321,0.18544088913203935
EID_15387,0.19662876475417904
EID_19419,0.18470295842772863
EID_20496,0.20189627641617885
EID_1308,0.18984743261877118
EID_14770,0.18778017091982951
EID_21893,0.18748066966590135
EID_10990,0.19020794917026068
EID_17521,0.19931478172809813
EID_15274,0.1933607362529471
EID_24001,0.2042849726524979
EID_4111,0.18088266926807225
EID_4284,0.18632925041721682
EID_19682,0.19509555335117681
EID_14871,0.19785449382250886
EID_18152,0.17946015515488328
EID_12520,0.17384074652844647
EID_4739,0.18596862533116038
EID_8424,0.18485798494646485
EID_23600,0.18693163008154534
EID_25891,0.1905242500332968
EID_11618,0.19452655478074882
EID_12674,0.1969800753828853
EID_5999,0.18374580909693605
EID_18063,0.16448944608837812
EID_14859,0.18491109596417968
EID_20353,0.17977320077014264
EID_22962,0.18213651307387366
EID_19650,0.17116550244978473
EID_6108,0.1990357877230458
EID_19012,0.1931300689930874
EID_22925,0.18924069274997468
EID_15619,0.20043001748611022
EID_19998,0.19167926923725204
EID_20052,0.19292768706189747
EID_25044,0.20383328838624645
EID_5422,0.1824136402576971
EID_15354,0.19594412946830495
EID_3804,0.17323695130832495
EID_23277,0.17610146790996814
EID_12336,0.1972922301339748
EID_24839,0.1767040805038697
EID_1651,0.20341771248668147
EID_24355,0.18207727527900744
EID_24276,0.18828706149098193
EID_10346,0.186911850252708
EID_9579,0.17699857380094203
EID_23242,0.19974272617933592
EID_23541,0.19238471172916374
EID_14741,0.16936804772980638
EID_7783,0.1770055771202712
EID_12569,0.202069221908371
EID_3834,0.17792163361308927
EID_6799,0.1958418212637687
EID_15609,0.1886299254596813
EID_5496,0.1809219967944455
EID_5080,0.20630575172114102
EID_14834,0.2155967881954562
EID_18266,0.18328225704914167
EID_1182,0.17565415827367192
EID_6445,0.19353325580950673
EID_18656,0.18777641745561738
EID_24011,0.18862710264120042
EID_25093,0.18707667595070118
EID_11334,0.19313911848730092
EID_15785,0.16838635499659105
EID_8060,0.16959832087693189
EID_4349,0.20101108822703495
EID_22525,0.18305658365746674
EID_1231,0.19193934705688054
EID_2127,0.17881434543804445
EID_4047,0.17702986417638064
EID_12989,0.1776349063348839
EID_17726,0.20041297608920614
EID_1602,0.19297670754888863
EID_5945,0.1720387277249943
EID_15166,0.20603949074819178
EID_25317,0.18662955186765995
EID_18848,0.18755924248514103
EID_14455,0.19115190094265347
EID_9724,0.1968857906144416
EID_22697,0.1818388934214558
EID_16505,0.19274844813760003
EID_11616,0.18329995322468653
EID_10352,0.1988357871678913
EID_24093,0.17077457692763529
EID_11826,0.1834376442702402
EID_24211,0.19260637959590363
EID_14709,0.19518975390739357
EID_18747,0.18471295170941823
EID_16077,0.18435115149050427
EID_15440,0.19010700077199474
EID_4935,0.186976221671223
EID_13791,0.2024055816052853
EID_16876,0.19179524405115897
EID_1335,0.173422180571089
EID_19086,0.1955841372705764
EID_12872,0.2006214520314243
EID_11623,0.18502110399643357
EID_7807,0.1945708908358684
EID_9605,0.1976261099267739
EID_12736,0.19702870971936787
EID_20565,0.19729698006628837
EID_17225,0.19656902565934303
EID_19974,0.18900076936988316
EID_16045,0.1869885508091574
EID_2082,0.17098710903157097
EID_22219,0.18959672722034274
EID_19439,0.1820692670089834
EID_2979,0.18406578328417594
EID_24414,0.18507969048832712
EID_15148,0.20122443311552188
EID_10690,0.2008429569515647
EID_16346,0.1970370379550407
EID_22752,0.2007300281389906
EID_21746,0.2064299759635454
EID_1705,0.18954603399675846
EID_7498,0.1817750794715242
EID_6874,0.18912028692775928
EID_4543,0.19517170721487923
EID_8931,0.19128598253564869
EID_16435,0.19400085998489236
EID_16767,0.19042498333321853
EID_3058,0.18387290472380138
EID_16381,0.19333191083949017
EID_17190,0.18103684806684778
EID_7079,0.16233417688256122
EID_10191,0.1839038184427529
EID_1378,0.1874699798419968
EID_20222,0.19684010295505816
EID_6156,0.18243507980077386
EID_5975,0.179655959987856
EID_18682,0.17811702473517332
EID_8837,0.18384580405236828
EID_24686,0.19865614558749145
EID_9869,0.20729036657999791
EID_14673,0.19643401105749442
EID_14443,0.179928189850645
EID_21591,0.18711736210602062
EID_25240,0.19083172700166776
EID_18365,0.18969045572075377
EID_9260,0.20309363472848438
EID_10696,0.1810868636409173
EID_18012,0.18849296257212553
EID_17421,0.21233394253071805
EID_23615,0.18913237160388469
EID_14132,0.19678280616745283
EID_13168,0.1910220761447522
EID_16973,0.18589033233635857
EID_13426,0.1790181259595508
EID_1493,0.17984491020305712
EID_3994,0.18599774391265614
EID_10574,0.18130362830970795
EID_12394,0.20111724417076357
EID_4781,0.17872168829112312
EID_24911,0.2034177779229689
EID_3205,0.19616031287966665
EID_25568,0.18107388146561842
EID_4343,0.19456978367392838
EID_4330,0.1840601085784657
EID_12518,0.188419929389253
EID_18426,0.1870586034728356
EID_3862,0.19581900920438616
EID_13478,0.20003783632603828
EID_5607,0.1751460123580517
EID_22353,0.1802274015243902
EID_18346,0.18204854096861509
EID_5978,0.18985067910892353
EID_3391,0.1674443057047192
EID_8525,0.1914185683624235
EID_5245,0.17217355216795743
EID_11791,0.19622266984189396
EID_22913,0.18255184254937587
EID_15587,0.1998738545732502
EID_4851,0.2140123828016496
EID_3432,0.17268834463450727
EID_13090,0.17452156608065186
EID_15117,0.20361849059444864
EID_22004,0.19026615755648327
EID_16053,0.20499483863017282
EID_16458,0.1978980661941187
EID_8021,0.18839898867113714
EID_24385,0.18927555382124137
EID_7053,0.1898565125348508
EID_13544,0.1792754144241691
EID_9014,0.17299144194996158
EID_9246,0.17662504885060387
EID_15642,0.19629313763638495
EID_12295,0.19033000135320946
EID_7925,0.19716292299678256
EID_18473,0.17948442834213485
EID_19427,0.165530560826184
EID_17027,0.18074636146040324
EID_22093,0.1860649965314469
EID_25611,0.1881227578439008
EID_20490,0.198527049539094
EID_4204,0.18360106045780838
EID_2604,0.16407446636645878
EID_16152,0.20161966172592524
EID_8563,0.1948512422579889
EID_18620,0.18894408600060694
EID_11012,0.2018639909743854
EID_19598,0.18300640921031985
EID_13159,0.17880632180833425
EID_13171,0.19458827971825135
EID_8374,0.17179143519244267
EID_9838,0.19173484240434685
EID_18489,0.2019907895168734
EID_17451,0.1898906420881105
EID_7269,0.19943167422838842
EID_20548,0.1880237563965554
EID_9466,0.17462467827533895
EID_16085,0.19898122511870514
EID_24082,0.1881262925570319
EID_5078,0.19062821694807416
EID_23951,0.19145994473021025
EID_8327,0.1911700869917046
EID_5904,0.20601118279776862
EID_11085,0.1852053903797843
EID_21437,0.1931542105345968
EID_7471,0.19766386527530388
EID_12046,0.19781537202722965
EID_18653,0.20101909515618688
EID_14175,0.1861941739456579
EID_5514,0.19042871874424985
EID_20148,0.1967303126534586
EID_14260,0.19097226891296756
EID_15574,0.19406562290719245
EID_7287,0.19198200951958225
EID_18889,0.19417688295516186
EID_13106,0.17705848472197483
EID_15448,0.18596658036597818
EID_25897,0.1955611509323225
EID_23758,0.18647482379521801
EID_23208,0.1863846151631587
EID_13646,0.17171947153712186
EID_5467,0.17970177660355297
EID_6022,0.18026496869174938
EID_10923,0.18521114353714457
EID_10408,0.1996182324642501
EID_4186,0.17299559100235581
EID_22022,0.17700550549514527
EID_16390,0.19708679382717997
EID_19493,0.1852452750884348
EID_12519,0.20365557013187824
EID_23549,0.18995073696187836
EID_17612,0.20074415684563637
EID_25007,0.19324906854894175
EID_1949,0.1909056657476073
EID_23313,0.20341965365711123
EID_22516,0.18292047601197325
EID_21836,0.17881762698755826
EID_7268,0.2000439089186565
EID_8202,0.18800362066136636
EID_6613,0.1971996045225956
EID_2596,0.1743415413872987
EID_19849,0.19048835894155128
EID_11546,0.20203369253936437
EID_3942,0.18623327639010956
EID_7899,0.20029312667034532
EID_4802,0.1925233652835516
EID_6725,0.18103199577511264
EID_3835,0.18068819787941887
EID_9511,0.1892100682645408
EID_5757,0.20488333118372262
EID_24838,0.20488208477535705
EID_15225,0.1917125747732108
EID_8238,0.1770154697063796
EID_2826,0.18188860598234277
EID_20774,0.19125721089100953
EID_19311,0.16666339828473425
EID_12339,0.18867271769885097
EID_1583,0.2027956374372421
EID_1033,0.1907669352495956
EID_10764,0.1961451230947033
EID_17203,0.21655964503823583
EID_1345,0.16632579298536265
EID_4951,0.18683810659546718
EID_16956,0.1892170597666456
EID_9203,0.18627898694255554
EID_7021,0.1913503468332005
EID_8707,0.17408471015258892
EID_5209,0.17356247413271744
EID_20428,0.16945216886430878
EID_10913,0.19983513803966418
EID_11507,0.18636385135015818
EID_3693,0.18830321001453046
EID_22857,0.19614662615753634
EID_18744,0.18969654042900205
EID_19600,0.19181354632118477
EID_21336,0.197617848756946
EID_17676,0.18731374354269312
EID_1678,0.18958575843855133
EID_4889,0.18117554269284347
EID_9961,0.18958292191699952
EID_23386,0.18707637308724878
EID_19835,0.18577589950221846
EID_9519,0.18990908072590248
EID_5449,0.19868654688558643
EID_20640,0.17473410502624534
EID_16387,0.19578274307620466
EID_20293,0.17385424636390223
EID_2296,0.19338334146204247
EID_11827,0.18063835970662007
EID_21522,0.19024710056559202
EID_2767,0.18260971709137572
EID_2873,0.19575948535534018
EID_2603,0.17693953896550788
EID_2674,0.1842327262536239
EID_23682,0.18976738690157852
EID_13310,0.1921614304933496
EID_6523,0.2024729985409072
EID_13056,0.19348977055367314
EID_7244,0.187736229942662
EID_1072,0.1796459286308738
EID_25833,0.18562230548163164
EID_11244,0.18763636365067207
EID_22918,0.1821094454517176
EID_16735,0.20322185193292208
EID_4201,0.18991382729016434
EID_5998,0.19746971958293016
EID_19254,0.19135724075831442
EID_16653,0.20897803336665158
EID_11729,0.18982585075382397
EID_19573,0.21213206381900018
EID_21463,0.1924064254092512
EID_5899,0.18577377520313762
EID_23613,0.1999712243973293
EID_8609,0.17976208352469994
EID_2660,0.17888215367611623
EID_1333,0.17812963918349844
EID_3212,0.18046370147618934
EID_7830,0.1797941106571517
EID_4372,0.1913857132723668
EID_15955,0.19384361444218828
EID_22059,0.18673486719455915
EID_22804,0.19619713278926101
EID_4700,0.186393637835937
EID_14401,0.18735563130854602
EID_19971,0.18301040371302452
EID_10684,0.18167993422030024
EID_21512,0.1774570623709668
EID_16722,0.20165915280363816
EID_16012,0.18760216078503816
EID_19093,0.19783830100493494
EID_25636,0.20502356525112145
EID_10567,0.19644968652827602
EID_11601,0.2041903524827771
EID_25697,0.20974207114913995
EID_22131,0.19205152630290953
EID_8511,0.18540067376652467
EID_18114,0.19289539587163324
EID_12784,0.19322215751274932
EID_12820,0.18951145717667392
EID_4512,0.1670626596111215
EID_5837,0.1855519094275271
EID_12564,0.18037407052349225
EID_16737,0.18703962997654103
EID_25986,0.20034516600293745
EID_8729,0.1878265141780923
EID_4386,0.18046956777758108
EID_5223,0.19031887755932028
EID_1494,0.17720569423054863
EID_22699,0.18000217119585715
EID_1083,0.18401007829143465
EID_1329,0.17684922327865701
EID_3550,0.1813933971190497
EID_18845,0.21242657588572939
EID_17946,0.21177343190660716
EID_1712,0.18395370706251946
EID_12024,0.18263075008692387
EID_2974,0.1743158236579723
EID_12806,0.18670203821866113
EID_10396,0.19143483761509722
EID_3998,0.18033010386414158
EID_22451,0.17950075122123424
EID_12242,0.18290232125937186
EID_18599,0.1945442963048542
EID_9423,0.17550073982568598
EID_25347,0.17551306171815934
EID_20183,0.19882978569302007
EID_18079,0.19414795390641007
EID_10059,0.1735199891008317
EID_1322,0.18707373812257397
EID_18109,0.19756219689939486
EID_7325,0.19184309967115584
EID_6000,0.1893395781624609
EID_10760,0.2024572755789126
EID_24380,0.17188272879749866
EID_7070,0.18355746250843763
EID_2796,0.18026563380873128
EID_18860,0.2026391041901185
EID_13597,0.1916233611634794
EID_6858,0.19309683736886227
EID_14987,0.20217238308665275
EID_8902,0.2078225867376967
EID_9453,0.18407028455846194
EID_20605,0.18533230609019236
EID_16020,0.1918747438949301
EID_6335,0.18051999016900747
EID_1317,0.18886441153588834
EID_5575,0.18249814817480686
EID_17433,0.1813295799544104
EID_6238,0.1783268043555471
EID_10734,0.1853926226041628
EID_7661,0.18686531376419716
EID_9281,0.16038119320926225
EID_19259,0.1918958867870519
EID_9544,0.1800289186710239
EID_2572,0.19037940361964859
EID_12706,0.18194093134564132
EID_20500,0.19118456813531595
EID_19258,0.1962997985686952
EID_15915,0.19399558452444327
EID_25265,0.1932320729889825
EID_16567,0.205331084251217
EID_19553,0.20069489421556325
EID_25403,0.18887698554389634
EID_10354,0.19097722184744992
EID_19522,0.19050179823258975
EID_20132,0.18502663291079535
EID_3363,0.17639786848191044
EID_15253,0.19645361116594326
EID_8368,0.1845990298243751
EID_3883,0.19568112280863403
EID_7323,0.17573467134286175
EID_16203,0.20561151753408735
EID_9080,0.2024781716041885
EID_12266,0.19720632264233742
EID_13777,0.19054876673920015
EID_24876,0.19249065618725691
EID_11961,0.19040018090204053
EID_25871,0.17725760296928894
EID_3563,0.17822028101123033
EID_3377,0.18402413943501272
EID_19924,0.19098848418723408
EID_4070,0.19541800341621796
EID_7727,0.19957613026309773
EID_2253,0.1888004816788316
EID_5056,0.1870226692197315
EID_16751,0.19444495486532917
EID_2105,0.17576598197858068
EID_14078,0.1992119402697943
EID_18779,0.20319100316030642
EID_2218,0.17245527810263211
EID_6130,0.18471445629437194
EID_21722,0.18906923963260608
EID_17748,0.18515994387803986
EID_21322,0.18786809434475849
EID_6016,0.18752938149940046
EID_20480,0.19009710956104162
EID_18843,0.20361606374261362
EID_7336,0.19166714203616966
EID_4455,0.18699514702670658
EID_15206,0.19771558387146845
EID_15582,0.19592445715195161
EID_22381,0.1768359068725698
EID_22606,0.19292803264221867
EID_12159,0.1848862038442981
EID_10027,0.18617244936897773
EID_4107,0.18250401549709916
EID_18932,0.18537226775659332
EID_1321,0.18941353012660653
EID_7759,0.17221482341813588
EID_21961,0.18848675961332054
EID_15289,0.19305257024486253
EID_23069,0.19113217889294634
EID_17187,0.20857334162982485
EID_25372,0.17962896781792304
EID_9787,0.19137242132947163
EID_9797,0.20463347601557982
EID_10831,0.18925694451106242
EID_24620,0.20116477188084142
EID_8715,0.20249849808070258
EID_13459,0.1848376405808469
EID_14031,0.21341539748850896
EID_14541,0.1937403986116859
EID_12395,0.18435350439882472
EID_7150,0.19415663022503932
EID_14422,0.19014245535941107
EID_19060,0.19115211079709718
EID_9338,0.18885080053899295
EID_21042,0.20802908551726845
EID_8011,0.1898470495385533
EID_8102,0.19168640846273985
EID_11068,0.19041469572912803
EID_15461,0.19114782037866773
EID_18509,0.20306518094494855
EID_5796,0.19692447731873494
EID_19905,0.18578279076301082
EID_21609,0.1942654433529417
EID_14873,0.1795957915845016
EID_8033,0.18181417278325177
EID_21354,0.18724566420911856
EID_16377,0.1907929755022136
EID_10566,0.18798028976898942
EID_4791,0.1806179698003614
EID_20944,0.19792712459670084
EID_24913,0.18950168765902167
EID_3868,0.1801875063829704
EID_10611,0.18818697325632616
EID_21702,0.2019359111043286
EID_9472,0.18193987506660936
EID_10746,0.18887584812282593
EID_17717,0.2078439137900549
EID_18535,0.1918185763294122
EID_23706,0.182693888954969
EID_7039,0.16952091925316787
EID_23797,0.20936036305650935
EID_1574,0.18439724169522834
EID_5931,0.18953996978429305
EID_6468,0.19140501138829502
EID_15805,0.19895120181309597
EID_2988,0.19999871659154408
EID_21966,0.18360370335587228
EID_16571,0.19305884581404345
EID_10082,0.18355245836009249
EID_8359,0.20154125673083312
EID_3200,0.18467110874757137
EID_2206,0.1782205790108243
EID_14234,0.19297305859437014
EID_12498,0.19203722768490708
EID_12009,0.2038107661736527
EID_12486,0.17162650120254022
EID_2679,0.1972732829429795
EID_25329,0.18172922645408604
EID_18268,0.19335070357626394
EID_18253,0.19083709035414803
EID_11915,0.19847817019532557
EID_2503,0.1797792154060538
EID_22110,0.19105033705630348
EID_9344,0.2065164299745097
EID_17568,0.17310743609507495
EID_1445,0.18512146924356493
EID_12971,0.20039040462118754
EID_14129,0.1704704607012298
EID_22888,0.19013552179959792
EID_17510,0.18592634717461054
EID_11722,0.189481436422005
EID_18542,0.17770905036002127
EID_13158,0.19367141780075878
EID_2810,0.18757577065928493
EID_16559,0.1904396652674615
EID_1124,0.17601596877179965
EID_2137,0.16377748582009993
EID_13145,0.18352663436799502
EID_14181,0.19491298451252012
EID_24695,0.17130403408704376
EID_21367,0.19059472922743828
EID_13213,0.18748770601929857
EID_15852,0.1745240797562523
EID_9531,0.18936084394962674
EID_6197,0.18505137316657277
EID_20012,0.19715052672761485
EID_10381,0.19237518082570967
EID_9136,0.20033238177996532
EID_12063,0.18514972323447454
EID_22318,0.1811219760071656
EID_24047,0.2052432525564018
EID_5834,0.19844587922235682
EID_4763,0.1704172187493563
EID_24096,0.19340250401848688
EID_13825,0.18256349495184232
EID_14326,0.1968910980742621
EID_10111,0.17753242014540555
EID_23362,0.18558997737176935
EID_8682,0.19338736391805858
EID_18727,0.1798070421065837
EID_20725,0.1953940770093361
EID_15976,0.17173521947516512
EID_17626,0.18363324492634953
EID_13302,0.18399430062093713
EID_11333,0.1896360656346999
EID_12305,0.19152950345438727
EID_4987,0.19395477560274016
EID_12132,0.18991784650093527
EID_14163,0.18602798025574138
EID_15666,0.20437292759995954
EID_19257,0.18822445700473583
EID_1591,0.1779224157686484
EID_5610,0.18280610723651586
EID_4835,0.18951797913044996
EID_5060,0.19355932329956663
EID_15897,0.204585253912187
EID_9771,0.20616065509927667
EID_11486,0.18832544811880153
EID_14583,0.1914601107320677
EID_17832,0.1832104499901427
EID_6876,0.20440315904830242
EID_18560,0.21049953191449663
EID_1091,0.20463956960250373
EID_3837,0.17666619543477052
EID_8508,0.18762256044788778
EID_23640,0.19781338995628045
EID_13280,0.2032044588349366
EID_3352,0.19112467135172354
EID_13404,0.1804528812665135
EID_23565,0.19105549846073278
EID_24526,0.19258599770965096
EID_9254,0.17375735901272113
EID_8916,0.18168728448536484
EID_15227,0.18735783304602138
EID_11672,0.19545585185215283
EID_8926,0.16991363137320223
EID_25125,0.20346794087933198
EID_3170,0.19288723903627092
EID_24612,0.19425265266872055
EID_23932,0.1913888002584948
EID_11554,0.18449846010424098
EID_19854,0.18510373779463696
EID_16362,0.20288798417928486
EID_13195,0.2110318743557332
EID_25559,0.1899756033579758
EID_18526,0.19728962791689664
EID_23226,0.18693867653446838
EID_5873,0.19519442166649822
EID_11286,0.18728265411862693
EID_7573,0.1920843554193807
EID_11669,0.1896494157676655
EID_12639,0.2017392827750335
EID_12309,0.1889330604631909
EID_17566,0.18681408695831778
EID_3644,0.18333583606206721
EID_9921,0.19469993694948085
EID_14703,0.20197926397754293
EID_19366,0.19701335115439245
EID_12449,0.2023522131898812
EID_24591,0.1975829330320608
EID_4698,0.1829805629154463
EID_17657,0.17595975361151098
EID_24446,0.20658638981957356
EID_18528,0.2002581549056196
EID_8868,0.190083637513681
EID_5820,0.18643936828823468
EID_24215,0.18707361778056092
EID_19176,0.20338446326278053
EID_6578,0.18761632599294578
EID_9672,0.19264273341175192
EID_10702,0.1895649151865876
EID_4741,0.18681651621888182
EID_24067,0.1950526616594561
EID_2416,0.19041463444867993
EID_12089,0.1998248187939923
EID_8392,0.19859644090962442
EID_16766,0.19676162500419841
EID_23137,0.17812748527875363
EID_24704,0.1802464975685604
EID_13184,0.18835222223946738
EID_21642,0.18866797070706012
EID_8050,0.18239179733133926
EID_20432,0.18175644635276483
EID_14456,0.1893856226096691
EID_7769,0.18162563311129348
EID_14077,0.19011804540234029
EID_17805,0.19456667109255307
EID_14927,0.18720348758463531
EID_7995,0.2092951094076381
EID_2297,0.19226566892382524
EID_7960,0.1861674743081006
EID_9481,0.20196906716350227
EID_2781,0.19410069035542069
EID_25571,0.19419055096111879
EID_12462,0.21757196445874966
EID_17761,0.19272534478343537
EID_22310,0.19551909216432706
EID_15161,0.20191340940798713
EID_3361,0.1832391587689436
EID_2166,0.19257255418095465
EID_1515,0.20232582055004927
EID_13787,0.19925492409098292
EID_23496,0.18909366513476625
EID_7820,0.18305593579334317
EID_14433,0.21482663442258576
EID_9405,0.19353587294420502
EID_4195,0.1786278844073812
EID_24190,0.18624539740511936
EID_20400,0.1954954379696649
EID_16111,0.19608847154501055
EID_5502,0.19678388751271705
EID_17381,0.18993999608524567
EID_22435,0.17353069417848185
EID_3060,0.19135197677420326
EID_19197,0.19491823555475504
EID_13311,0.19130302745936378
EID_14282,0.17730708816446816
EID_5849,0.18378577811741978
EID_19845,0.1851106956129121
EID_6965,0.18376303554927037
EID_5048,0.2024372559688655
EID_13766,0.17671462674398866
EID_22269,0.1894779375337764
EID_4363,0.17449453300325354
EID_12215,0.1926976665687014
EID_14479,0.1905864637579957
EID_7348,0.1826222090170414
EID_25664,0.19355523560712554
EID_4940,0.18950720162592155
EID_6877,0.18230723238287339
EID_8337,0.20473486584778786
EID_1775,0.18578729888293677
EID_13938,0.18636399579600074
EID_12735,0.1807253824863365
EID_16138,0.1994119149872163
EID_18586,0.20501971826554766
EID_16650,0.18681182649714
EID_18259,0.1795931787479025
EID_19144,0.18542986908724754
EID_4483,0.18480565454635758
EID_10929,0.18345889592553594
EID_19882,0.18185408062998198
EID_3779,0.17533759811072208
EID_18678,0.17773399141698998
EID_7168,0.19699897573266859
EID_23279,0.18767797764073552
EID_17008,0.17843772733236618
EID_2795,0.18960458765085633
EID_1833,0.19399856277289285
EID_21026,0.18207201201040465
EID_20322,0.19237242338552257
EID_10026,0.18987433067375775
EID_7742,0.20221935926783954
EID_21792,0.19324747800722247
EID_14341,0.19515807852924952
EID_24634,0.18771360448948732
EID_3379,0.17644487134979098
EID_20627,0.19238035865347566
EID_8572,0.17895246948332777
EID_15104,0.19402843314148943
EID_12426,0.18112472487027756
EID_17588,0.20361338253690092
EID_20961,0.18802586320282277
EID_23260,0.19633688230722735
EID_7213,0.17693347236548684
EID_11851,0.19086871997368796
EID_5696,0.17508377219388258
EID_23011,0.19387891431449777
EID_2035,0.17740519385705036
EID_22461,0.1873629794686093
EID_23215,0.18606902464822994
EID_6913,0.1826850224284308
EID_5739,0.18674530668142503
EID_19814,0.18914034085129644
EID_20320,0.16963306453112537
EID_2043,0.17479122449465645
EID_21992,0.18114025886685658
EID_9324,0.19099685089843432
EID_3863,0.1903023611468884
EID_7513,0.20813903436917075
EID_11120,0.19578875568517043
EID_6548,0.20334081690368117
EID_23957,0.18148720849763175
EID_11408,0.19811573849684078
EID_24638,0.1825765765688782
EID_3908,0.19479674658099702
EID_17023,0.18268967845502534
EID_10902,0.18909909069672406
EID_3543,0.1829148558742811
EID_3633,0.18930172971827872
EID_3394,0.17869942415335383
EID_8619,0.18617528529659372
EID_13424,0.19784161741036266
EID_15405,0.19751644116348419
EID_21727,0.19064544208882464
EID_18916,0.20221192009476885
EID_3335,0.19701320752764837
EID_2811,0.16422218027240992
EID_8620,0.1910001387673018
EID_3249,0.18206149528525015
EID_22140,0.17387219346968144
EID_18934,0.17599685097561127
EID_24271,0.20355401286333438
EID_2164,0.19379254835061
EID_22961,0.20125937702641808
EID_25318,0.178684139615355
EID_23064,0.1949356112154369
EID_1056,0.16068462094148916
EID_4389,0.18612417699568765
EID_6949,0.17657522418804905
EID_16133,0.19503566518786264
EID_8023,0.2003692526619351
EID_19426,0.1838444216305574
EID_12895,0.1880323502019707
EID_17667,0.20511693537003253
EID_14826,0.19840647664020328
EID_8807,0.19427695975981094
EID_13977,0.1873813929203191
EID_11167,0.1841781410597088
EID_22535,0.19659573692200213
EID_5357,0.1916930195749098
EID_1450,0.20304919002872165
EID_24647,0.1905547366954705
EID_1516,0.181338986547835
EID_10122,0.17851471339441016
EID_2423,0.2017745116860847
EID_4276,0.19654582044918475
EID_10610,0.19115623266418147
EID_5840,0.1736406460678746
EID_19117,0.21236197258043746
EID_1753,0.18898950683282814
EID_11679,0.21716792993982584
EID_12425,0.18956234413729342
EID_21118,0.18157804478057177
EID_1348,0.18103506122234808
EID_3143,0.1760864460050941
EID_12153,0.20256748886460937
EID_22834,0.19389868678710448
EID_14978,0.19693992188423703
EID_23361,0.2001304442212493
EID_5207,0.18326648276080498
EID_8395,0.18338060105514215
EID_2440,0.18951584153619366
EID_14196,0.20388815532277696
EID_16684,0.19668369924990617
EID_22520,0.19255719983802325
EID_14689,0.18321068064958507
EID_22890,0.1873191867925422
EID_18695,0.18784473012541802
EID_1275,0.1797543897488209
EID_6033,0.19833810326684365
EID_25616,0.18399375798367448
EID_6190,0.185426087247188
EID_2964,0.1849691782815109
EID_24869,0.18054499205463337
EID_3319,0.19934628091185067
EID_15857,0.19911419033820704
EID_4615,0.1717373302927479
EID_23926,0.18028882769041576
EID_15506,0.1915162962874473
EID_4168,0.1731573144096203
EID_23593,0.18819878427652084
EID_3108,0.17595480897274327
EID_22846,0.17936743356013285
EID_12618,0.19513652020881958
EID_20341,0.19197026961870906
EID_15441,0.19727249337735317
EID_20278,0.18805654445942088
EID_19511,0.19220993740465672
EID_7832,0.17713524727624574
EID_7775,0.1937219121946701
EID_9409,0.17910485186225086
EID_11483,0.18043711181966504
EID_6657,0.19126399547631778
EID_10338,0.20860522840813323
EID_7683,0.19631181360398187
EID_11854,0.2013460402515382
EID_17102,0.19439329901493166
EID_9882,0.19134960384402916
EID_19326,0.20264961212881147
EID_1670,0.18142484474656953
EID_17455,0.1974664458380359
EID_24867,0.18983870549676746
EID_22972,0.1927231215041207
EID_4679,0.1892031745421016
EID_7172,0.18967329771415878
EID_7401,0.2086541315449684
EID_13199,0.19913951719911327
EID_12244,0.20071518184181414
EID_12771,0.18779996186381415
EID_7230,0.181949338233387
EID_19736,0.20228988450122343
EID_2755,0.18217415564408682
EID_19126,0.18723266892811785
EID_20949,0.18446522556031156
EID_4573,0.18339034392178263
EID_23671,0.19036348848044887
EID_11580,0.17687623486630405
EID_15600,0.1887855775059773
EID_17577,0.18739068989237306
EID_6773,0.17242253547443548
EID_9565,0.16849323996348442
EID_13401,0.186858997921723
EID_17438,0.20445403635355236
EID_7604,0.18445808496909097
EID_1215,0.18521854527725246
EID_24765,0.19411018896189486
EID_2084,0.192682113031075
EID_17898,0.19758383480942723
EID_9752,0.19178078637736087
EID_19867,0.19107038001507468
EID_5430,0.1716348968892616
EID_22617,0.18997432328550642
EID_23590,0.17588496513662588
EID_11131,0.18592199202404386
EID_1623,0.17372445031508846
EID_25390,0.18036701483179057
EID_23316,0.1995382284104412
EID_11595,0.18894987402156924
EID_10827,0.19662548798263227
EID_14787,0.1990562059939752
EID_18290,0.1720432122600362
EID_17889,0.17718272678142633
EID_7936,0.17672775661304474
EID_12044,0.20655519704978953
EID_8205,0.17179927031661044
EID_22950,0.19481078720807993
EID_4965,0.2100303054185471
EID_24073,0.19034940169819123
EID_4946,0.18781764648843366
EID_14618,0.19043624111658025
EID_17692,0.1862647759466584
EID_23220,0.18421460738924805
EID_24364,0.1898605093629533
EID_20216,0.18135940476870463
EID_24865,0.19103636155638795
EID_11009,0.1828313895045901
EID_6889,0.2071144548331948
EID_10375,0.1863244631051157
EID_11917,0.19665351149522858
EID_25323,0.1828827239316324
EID_21841,0.19876979066905964
EID_25278,0.1853361606088422
EID_17857,0.19196474768031857
EID_2991,0.18834571584777976
EID_23822,0.1807506321919503
EID_12098,0.18679894547430792
EID_14665,0.2073779985974576
EID_25373,0.1924976246153646
EID_22143,0.1903142443644447
EID_4000,0.1710226457715725
EID_2951,0.1901496744628657
EID_8610,0.18446650428602937
EID_6998,0.18984070619368543
EID_21972,0.18947145721380337
EID_3582,0.16977500571031523
EID_18220,0.1986369965017595
EID_12381,0.20032849404128666
EID_15689,0.18550153359229846
EID_12239,0.2001138495585503
EID_3987,0.18636409059089556
EID_20164,0.1909941528364633
EID_1654,0.19761472666390237
EID_25583,0.1939183901014778
EID_22736,0.1908585881623234
EID_22169,0.1943343794111664
EID_9495,0.18509430537558408
EID_2465,0.1903847101339531
EID_1659,0.20169862166712008
EID_4509,0.18659265038765888
EID_15264,0.19394524537005625
EID_9494,0.1882419132309384
EID_23657,0.20050022061002243
EID_10376,0.1903211368871542
EID_25277,0.1917491379046888
EID_15121,0.1992268108564727
EID_14760,0.20423392296718293
EID_9160,0.187543278818266
EID_18574,0.19851813443754573
EID_2977,0.19692285945402985
EID_4745,0.19790056659887081
EID_6762,0.1789046622663822
EID_2682,0.18990545158098915
EID_19172,0.2037098450647842
EID_1013,0.20049821658583952
EID_1242,0.17244749309337015
EID_10336,0.18098792417437615
EID_11247,0.19745486207236976
EID_4631,0.1803652582540152
EID_21660,0.19318867969730147
EID_6752,0.19039989739068247
EID_14409,0.1795697507323983
EID_21720,0.1961492826333494
EID_14495,0.1990879403001359
EID_15348,0.19973353237833805
EID_9610,0.17977454479460592
EID_10629,0.1907308219091868
EID_10182,0.17632133444121365
EID_10598,0.19339846171797773
EID_11065,0.19765595746441567
EID_16129,0.17577843450329483
EID_15572,0.19270539899607178
EID_21059,0.19058129722308487
EID_7812,0.18494275869331536
EID_15162,0.20790138811452968
EID_6911,0.19548804185225657
EID_17591,0.17517138530801615
EID_22638,0.19282060613101287
EID_3217,0.17714200829613277
EID_10116,0.18682271765871095
EID_23199,0.18229650856354718
EID_18844,0.18953885145609825
EID_19931,0.19994848683251754
EID_22215,0.18054620282815234
EID_14623,0.19772246156494974
EID_7884,0.17314994556820307
EID_3197,0.16912632245994838
EID_11291,0.19506726965178062
EID_3320,0.1841213495575502
EID_12585,0.18296414891672197
EID_13592,0.20865197745996322
EID_11264,0.19440664455548878
EID_6997,0.18681512839175216
EID_2327,0.19219965416644127
EID_9340,0.18909012172850598
EID_14544,0.1884058956068583
EID_13055,0.19030883462791784
EID_14014,0.18574287374991547
EID_7429,0.20234079104097186
EID_19008,0.19098242620349568
EID_14283,0.19503694451143333
EID_10882,0.2002230804449307
EID_5194,0.19995343413420688
EID_23844,0.20204970125612015
EID_22628,0.2035653428996932
EID_10033,0.19372214097208904
EID_13281,0.20037632426316168
EID_23871,0.19573368271018365
EID_3621,0.19328395956502523
EID_12968,0.20264041472155642
EID_5819,0.17677526368847304
EID_6694,0.1755785848573517
EID_17656,0.20580415423870738
EID_8888,0.20383730461992183
EID_14552,0.1889822210705365
EID_15342,0.20187021587966156
EID_7728,0.19017158876901222
EID_10331,0.19436966137321632
EID_5479,0.18753357237595825
EID_25526,0.19635124714763252
EID_12348,0.1972852411596876
EID_6196,0.1873618028047628
EID_3619,0.17827271573605205
EID_11280,0.1966175913786971
EID_18119,0.180488316137056
EID_18058,0.21160721913866753
EID_20911,0.17886259558358486
EID_19840,0.20386407702460466
EID_11808,0.20016997257060432
EID_16265,0.18155440357463726
EID_25976,0.17401489959298924
EID_3872,0.1857794199663319
EID_23029,0.17066716374719249
EID_11745,0.18400189247674822
EID_9556,0.17397889630743402
EID_19748,0.2030304655414448
EID_23253,0.18820389128282597
EID_16237,0.19271111188438542
EID_11694,0.1814356676837917
EID_12824,0.18153124996219755
EID_12797,0.18051138647628995
EID_3524,0.16930454666768183
EID_10559,0.2008247265687763
EID_22844,0.1864068614271972
EID_22281,0.18293538156475292
EID_9535,0.19936778604909763
EID_1642,0.19515093137086995
EID_17630,0.19566542119563218
EID_15083,0.19831312007641028
EID_2690,0.18652689677196763
EID_12199,0.18608124906642273
EID_3449,0.20675839712858401
EID_12097,0.19883636802595364
EID_23272,0.19140227434970267
EID_6890,0.18803174001297263
EID_2438,0.1824296416410425
EID_6508,0.1823804743231552
EID_10772,0.19055450284608985
EID_6076,0.1760249127754159
EID_3045,0.19552401725432855
EID_24779,0.18798913084282415
EID_12553,0.21270664016960145
EID_24984,0.19092543038825932
EID_17157,0.19858034581922757
EID_11823,0.18441331785640358
EID_4765,0.18795912938476553
EID_16143,0.1785086611444143
EID_19658,0.20533389563367707
EID_12035,0.18781710671109544
EID_3481,0.20490999095698142
EID_12776,0.20091387592624843
EID_21160,0.182128433013542
EID_11127,0.18187006533564554
EID_11784,0.18537612421441182
EID_17458,0.1885713763377
EID_15653,0.18039647318942087
EID_25399,0.19535740677726757
EID_8799,0.19466124788394268
EID_14529,0.18467432962891595
EID_19407,0.19841869312199692
EID_8224,0.19954455846540925
EID_21582,0.1879331090688812
EID_14807,0.19823502654379638
EID_17338,0.20381762553320268
EID_10635,0.17800992387428932
EID_16300,0.18681053910084378
EID_5155,0.17631493617216015
EID_11136,0.19230639757055829
EID_7716,0.1904812375601926
EID_13041,0.18713728550787778
EID_1572,0.18757908060125356
EID_2382,0.16743224528542644
EID_4568,0.19681460671679515
EID_25153,0.19487630109607715
EID_20523,0.19412449816031777
EID_2332,0.19018589483316034
EID_6143,0.17690447719389768
EID_19549,0.19957059593878546
EID_24568,0.19187680144366723
EID_23211,0.18424732297606203
EID_2342,0.17895703080338615
EID_2922,0.17534309019475366
EID_6026,0.208192376128954
EID_10107,0.19134829688881774
EID_14855,0.18182870202151724
EID_18780,0.18885274841846525
EID_10578,0.18675740459782145
EID_3842,0.19491167881800228
EID_10225,0.18110926795764953
EID_15275,0.18500687602145924
EID_10740,0.18064356266592807
EID_9483,0.18875702029496788
EID_11262,0.19463757337674367
EID_24388,0.20568480163895403
EID_19271,0.1976567101225767
EID_15363,0.19956045784935156
EID_16555,0.18657616117492118
EID_7387,0.18869055305322077
EID_2692,0.1778879129491158
EID_19754,0.17806011122383217
EID_10859,0.18314835431679075
EID_16618,0.1919394753203062
EID_1697,0.16971802195830546
EID_3764,0.18553836800180676
EID_4502,0.18510822742601063
EID_19240,0.19988543093796693
EID_22590,0.18409797669501474
EID_14056,0.20729898968147142
EID_20697,0.18427988853747249
EID_2505,0.17940167880844896
EID_23288,0.20722201953262154
EID_23373,0.1836249686775542
EID_18878,0.1903179951619722
EID_11857,0.17837454028728633
EID_25945,0.16544558005246723
EID_18242,0.1912955919649581
EID_22823,0.1753103287244754
EID_5625,0.18801314743653402
EID_6702,0.18450124601447368
EID_24252,0.20241700799047768
EID_12704,0.1960830055039534
EID_1770,0.18420817054530314
EID_10159,0.18895113879397996
EID_3702,0.18435963338070496
EID_2688,0.19338384860904814
EID_19784,0.19317035168633548
EID_3636,0.18288320957650844
EID_14537,0.19257054989923933
EID_4878,0.18976378501502514
EID_10260,0.18974504705338754
EID_5154,0.19835665346330478
EID_21206,0.1855535576119076
EID_15511,0.2006670573879206
EID_8010,0.19254138272345506
EID_6249,0.197848172250178
EID_7392,0.17311813873983645
EID_18362,0.19119496570812894
EID_14147,0.1903354416096253
EID_24826,0.19259062939525906
EID_10862,0.1939576453538023
EID_3088,0.18282786089843217
EID_2871,0.19499290312062922
EID_22681,0.17946624149647364
EID_3720,0.1955012729241869
EID_21540,0.19059552146841754
EID_3516,0.18805910851465768
EID_10969,0.2019772640898027
EID_11396,0.2066189813546354
EID_11407,0.19853550729134148
EID_19264,0.20004220220720154
EID_12406,0.18506248455805802
EID_19440,0.17383804206714754
EID_22729,0.18840107342113027
EID_21143,0.1962320047197252
EID_19936,0.18688230376341539
EID_13997,0.18305599858336616
EID_15533,0.19398212964720077
EID_22065,0.1976403355341524
EID_6600,0.20128009768073776
EID_15316,0.20294060771859992
EID_10721,0.18965290904529475
EID_20630,0.18971581831952822
EID_17720,0.20197554639942908
EID_7692,0.18279939526420344
EID_25004,0.17862260352209736
EID_1804,0.18544714789412617
EID_25207,0.204331633043375
EID_7638,0.19290325846104778
EID_8179,0.1853918601902314
EID_23406,0.1842215370145327
EID_19285,0.18014115926226962
EID_15333,0.19793313704496454
EID_9685,0.17931553897304006
EID_15725,0.1964208013429233
EID_8302,0.2097212052069878
EID_10726,0.20824100560180692
EID_6168,0.19451965244778008
EID_16711,0.19205266784221972
EID_24881,0.19556529548130042
EID_15281,0.1833130500127114
EID_17428,0.18831997733864747
EID_2814,0.17869259201462775
EID_8717,0.18349003588082274
EID_4395,0.19551706338599334
EID_22871,0.18183954716573997
EID_22152,0.19842564210637048
EID_23649,0.1707535931123959
EID_24748,0.19097422352247975
EID_25426,0.1876354554571413
EID_13986,0.18995779551921635
EID_19704,0.19216749556252044
EID_15554,0.1817886903391332
EID_23100,0.18478892125386512
EID_25408,0.19050737575421312
EID_15870,0.1820591961271672
EID_4048,0.19958343414646462
EID_12712,0.19050007021688867
EID_1937,0.18066944549762926
EID_14246,0.20527545354856191
EID_2569,0.19218605456014184
EID_6228,0.1849361923141148
EID_21309,0.19614867709808748
EID_16971,0.19294363435269124
EID_25273,0.1821396129751878
EID_8968,0.17042102818958274
EID_21475,0.19448392887713734
EID_1982,0.1832569821235368
EID_23627,0.17632670192825536
EID_14209,0.17705222499666923
EID_22365,0.2043884519410583
EID_21031,0.17949544184661836
EID_16883,0.19994418372685321
EID_15734,0.17862205419802218
EID_20840,0.17545086712953686
EID_20792,0.18727151859832156
EID_2652,0.19140519930704833
EID_3079,0.1704401757889724
EID_1425,0.16773671338352888
EID_17271,0.17058084173501536
EID_22724,0.19006467590112344
EID_23964,0.19102882856679151
EID_9333,0.1802067941938729
EID_12374,0.18307261974074301
EID_25107,0.20687404890840302
EID_22869,0.20693037057971353
EID_18753,0.1826749699240711
EID_16805,0.20044513015266419
EID_19994,0.19280290685784324
EID_3004,0.17276236025664668
EID_12616,0.18594394711875156
EID_6090,0.19015143206890123
EID_3303,0.18707967175874524
EID_9435,0.1927149478833089
EID_1838,0.18106234595068663
EID_15681,0.19745307045358296
EID_17496,0.20668349546663156
EID_8456,0.1750801726667416
EID_23174,0.1721898911772114
EID_8285,0.18470562073046598
EID_6547,0.18597052293143942
EID_23648,0.17574662613821354
EID_7958,0.16777916939886373
EID_19299,0.18981957012644568
EID_8699,0.17642870013555456
EID_14528,0.20354440173242783
EID_23167,0.18799126409690264
EID_25289,0.194042154354289
EID_12802,0.192260355866973
EID_15986,0.19372522423422178
EID_3609,0.19560094629414093
EID_2045,0.17994905650453288
EID_1788,0.1875318330493628
EID_22630,0.19362255373802195
EID_10542,0.1924006572637483
EID_13101,0.17445532783680806
EID_5159,0.18343039281275342
EID_18490,0.18337163776418494
EID_25693,0.169646276242494
EID_20514,0.17878372029591802
EID_3713,0.1849734696774211
EID_11193,0.19401823748170074
EID_6052,0.1824422766679154
EID_6986,0.1828231962309645
EID_9104,0.19411433057471755
EID_23058,0.199048229950178
EID_3156,0.18450176496432855
EID_17660,0.18553035004845722
EID_17514,0.20035807252446097
EID_15370,0.19033911211796126
EID_12207,0.19181270451872923
EID_7351,0.19833693289985896
EID_24727,0.19508764664431605
EID_6356,0.1879621643081186
EID_15421,0.1954870552617397
EID_11772,0.19035073277830772
EID_14071,0.20129100934493857
EID_16359,0.18081457410801105
EID_16919,0.20014931519704562
EID_21496,0.18038062216335518
EID_10564,0.18990107459472624
EID_3773,0.18266669063430582
EID_9484,0.20230177008629693
EID_13601,0.1733996265025951
EID_13843,0.1975762481960135
EID_8774,0.2068153981196118
EID_7542,0.18867808447395548
EID_3388,0.1989795886381847
EID_17949,0.18444223294175918
EID_1815,0.16670349660348752
EID_10479,0.18192704297322979
EID_10722,0.1922421249242919
EID_3427,0.19770447275112218
EID_18205,0.1968593169304301
EID_21650,0.18907856146277693
EID_23124,0.18744021695328994
EID_4294,0.18330297341169005
EID_13366,0.17271072070115093
EID_13957,0.19729112199701643
EID_3578,0.20061709696646973
EID_24105,0.1891592859962536
EID_13186,0.19791753466015888
EID_24214,0.19687645635575482
EID_17251,0.20780089720647515
EID_23225,0.18145901231724748
EID_2152,0.1888666489555418
EID_10625,0.18655336971477893
EID_2044,0.17309979811869897
EID_7201,0.19978237875029592
EID_2405,0.2018893038694854
EID_22716,0.20721158445877813
EID_22728,0.18953574457357694
EID_21251,0.19103367334658
EID_6915,0.1941657689282211
EID_14744,0.1982720614398724
EID_15814,0.17919815125606042
EID_6659,0.18333673699449132
EID_10991,0.18242620576121793
EID_6500,0.17850406224200008
EID_19121,0.1888040079007946
EID_6278,0.19537405988585352
EID_13236,0.1848562421202698
EID_5382,0.18328056424637987
EID_6871,0.1950546986914374
EID_5012,0.1663715240077579
EID_1268,0.21241554327845022
EID_6588,0.18044071354846797
EID_22163,0.19174827377855508
EID_11121,0.19290207240014154
EID_22615,0.19151884341682204
EID_7838,0.19766000382791896
EID_3344,0.1755717787577915
EID_25292,0.19280507944764436
EID_10730,0.17740239496392068
EID_10317,0.17950765597042098
EID_13443,0.208618624054574
EID_10988,0.19042711913550378
EID_23091,0.18730124242538718
EID_1839,0.18757257411966838
EID_13892,0.1879451553765783
EID_1496,0.19561659073080856
EID_15045,0.1910606488835922
EID_3744,0.1938000433618381
EID_13010,0.19005936226863598
EID_9716,0.19514872804864047
EID_2993,0.19140524480971915
EID_23435,0.19515967500900624
EID_8587,0.19854405504509612
EID_22132,0.21255463834725052
EID_21413,0.20569227012442726
EID_11881,0.18711961864611348
EID_19850,0.1816506125854421
EID_18460,0.1925000195055505
EID_17983,0.19575949665764028
EID_14888,0.21114006043058262
EID_14002,0.18882958000749542
EID_13524,0.18641798350399583
EID_4049,0.16901262079063706
EID_6535,0.185647557868554
EID_10557,0.19343485197436033
EID_1313,0.17735631580439426
EID_12424,0.18471729416512042
EID_8210,0.17126959515894932
EID_22378,0.19498009053632429
EID_19644,0.17847024102644043
EID_8790,0.18984190607163934
EID_5778,0.1996697156714517
EID_23887,0.18974040763734737
EID_16103,0.1835312358175307
EID_20604,0.17999671095063507
EID_17378,0.1876457224593598
EID_5566,0.17631717624844825
EID_24264,0.19101616645643196
EID_7814,0.1993547365693271
EID_1968,0.18965729635807885
EID_10282,0.19201865750341987
EID_13648,0.19891123406966457
EID_22376,0.188972935064176
EID_3690,0.17156817908513589
EID_17871,0.18730527562670707
EID_19167,0.1826532785882806
EID_5366,0.19330705824853334
EID_16996,0.1950249739353126
EID_1953,0.17431638724002751
EID_8760,0.19989818690966807
EID_20448,0.21073163574825507
EID_15787,0.20330532279039829
EID_18982,0.19043175983383964
EID_4388,0.18766143983856032
EID_22325,0.19463085089243481
EID_10189,0.1954586630776055
EID_21162,0.19114030563314433
EID_1032,0.19764456189186408
EID_12045,0.1879382657220468
EID_18324,0.18272458175132755
EID_15085,0.18736156163609907
EID_21927,0.18317603920479775
EID_13325,0.1994190438339802
EID_17801,0.1998614662565078
EID_7678,0.17421843900498166
EID_17469,0.18554170113274485
EID_14318,0.20151416175624512
EID_16439,0.1972415828161205
EID_2307,0.1605520539050009
EID_20011,0.17951836238762814
EID_19381,0.19210921023785793
EID_14043,0.19611185804007905
EID_14774,0.1860321706181483
EID_22982,0.19273681534467144
EID_19092,0.1762432190476807
EID_13137,0.19263018053105205
EID_5738,0.19465064113942646
EID_19661,0.1889902129165526
EID_22570,0.1784193758666776
EID_16393,0.20600132200215573
EID_4256,0.19062407493883005
EID_17873,0.19719249790012178
EID_13832,0.19085664646287062
EID_17617,0.20172732872291707
EID_3106,0.16987983047076677
EID_6567,0.19274112241705724
EID_4727,0.19194203851732422
EID_14518,0.1992055586307099
EID_1070,0.183844937153684
EID_19385,0.20958944596494958
EID_20032,0.19787940912177474
EID_11714,0.1923123977576922
EID_23636,0.17772763282759269
EID_1985,0.17717548245660536
EID_5627,0.1778851241783427
EID_15171,0.18815897975954954
EID_8811,0.1808303642757892
EID_2163,0.1788122234562979
EID_8459,0.1775676662312382
EID_18138,0.2027742792080647
EID_17518,0.1924287393004253
EID_17432,0.19553424436283456
EID_25686,0.18380788313344065
EID_2470,0.20049799977905466
EID_16311,0.19141517270752129
EID_6903,0.19250471971452207
EID_11990,0.19354838052391402
EID_23460,0.19936204698771645
EID_25924,0.18124210803911955
EID_13985,0.19552928308788184
EID_5455,0.1923602899454403
EID_13427,0.18265044777570372
EID_24855,0.1884466024892811
EID_15532,0.2018030079760491
EID_8953,0.1827100885352859
EID_22683,0.1847151820828889
EID_22493,0.1838269871405687
EID_1451,0.19041983899341852
EID_20796,0.18314780969744765
EID_17281,0.1990649860899528
EID_7767,0.19313693875296753
EID_20838,0.19707330577608217
EID_17235,0.18448817012227253
EID_21615,0.19596703046613764
EID_6972,0.19093179446892125
EID_13930,0.19695606071195668
EID_4188,0.19174831461595174
EID_11277,0.19221603378166882
EID_18053,0.19240133519895958
EID_11288,0.18397971700286123
EID_1148,0.18139561831980064
EID_19216,0.18550927763760852
EID_7660,0.18160468754611994
EID_22805,0.18415466898527963
EID_11931,0.20564982468560844
EID_16921,0.18523584140469235
EID_4993,0.19677844162611816
EID_18070,0.18948110136036064
EID_15648,0.18666732527282565
EID_11404,0.18386359865385293
EID_14248,0.17754255147818226
EID_15424,0.1907481631011997
EID_8039,0.18468506113070152
EID_7094,0.17803934062625748
EID_13161,0.18998776572780549
EID_9293,0.18371216818598815
EID_4351,0.19441998431570529
EID_17259,0.17516064202947612
EID_2681,0.1893400201790543
EID_22123,0.19931416194182502
EID_8528,0.1846767514973886
EID_11798,0.18937026408582538
EID_20265,0.1890188228167868
EID_21396,0.1777966063908591
EID_12220,0.18631248208412013
EID_25722,0.20181186743010313
EID_21719,0.18693926099134042
EID_3506,0.1792533490493903
EID_2139,0.20940137987354338
EID_6562,0.19769649537211473
EID_4353,0.1898178932204903
EID_24392,0.18443497272167422
EID_11238,0.18311551488616767
EID_20617,0.17643033329272403
EID_21473,0.1992446245180921
EID_16837,0.1880862982078944
EID_1800,0.191908980966346
EID_25849,0.19119133962055315
EID_9395,0.2076974520223294
EID_2415,0.19415164449644517
EID_9286,0.16919011065707693
EID_5081,0.1985286212252742
EID_22546,0.17449749964829153
EID_11932,0.20098617327618645
EID_16292,0.1944721294618123
EID_17882,0.2035094430898181
EID_20889,0.1902975060660602
EID_10031,0.17987510214843416
EID_21576,0.1950902305054857
EID_8256,0.19735735271339472
EID_2614,0.17456053487320466
EID_2098,0.18238314812447193
EID_10242,0.17916981639713742
EID_21993,0.18530471530977716
EID_22664,0.17692835316928723
EID_1919,0.18132985032784155
EID_11629,0.19074785778684986
EID_6840,0.20566757540346683
EID_25493,0.1855937157101075
EID_14968,0.1923611267693212
EID_25313,0.17499526602985263
EID_8035,0.19456733740530008
EID_8969,0.20295116431152274
EID_15223,0.19635877025345322
EID_6266,0.18053404565772407
EID_8184,0.18780861327993847
EID_19480,0.20312168470441
EID_19076,0.21055752922518076
EID_16339,0.19487760068788454
EID_7963,0.18733160263073995
EID_17427,0.17177974667656717
EID_12641,0.1902587230239425
EID_4122,0.19411429395011282
EID_23659,0.17508728659989944
EID_13486,0.18086730360957048
EID_18423,0.19333401724660504
EID_2181,0.1755333592106958
EID_25490,0.18780173253747762
EID_9211,0.18132021029809287
EID_5237,0.18917257356088044
EID_2418,0.19028362922128028
EID_17716,0.1991221514272472
EID_13837,0.20745949791989243
EID_2840,0.19039134312336461
EID_13004,0.1979427240630193
EID_14429,0.18603164485568477
EID_18915,0.1984734603840554
EID_22415,0.17522003659803076
EID_4304,0.16561397771095226
EID_10753,0.19686875768128742
EID_22612,0.18740318934487799
EID_1857,0.18025869552941234
EID_3566,0.20031762148703794
EID_8545,0.19095173890533249
EID_21685,0.19272465771760944
EID_9946,0.17863893448596752
EID_20447,0.19608267617601824
EID_3887,0.18041283283363135
EID_8351,0.18717920472639896
EID_23889,0.2061306953194394
EID_8248,0.180220319445278
EID_16621,0.18947036105750034
EID_25138,0.18402429796778683
EID_10004,0.1855174474379027
EID_5522,0.19854237853412687
EID_23416,0.1996466192519627
EID_14897,0.18033265328012577
EID_10840,0.18938945030393853
EID_21716,0.19690407017853775
EID_18484,0.19122051154259864
EID_7402,0.18301184166891798
EID_24854,0.1855133586117463
EID_1610,0.1965040221624093
EID_17592,0.18136439259636047
EID_22128,0.18010112926722896
EID_17304,0.20459307635063845
EID_1508,0.18604871124331734
EID_20492,0.1839125759951136
EID_2324,0.17697091365460502
EID_17093,0.19684693500097777
EID_23356,0.19492284883172706
EID_17895,0.1955057985537262
EID_8186,0.19000830722987494
EID_19358,0.18073384245161087
EID_6030,0.197255297506193
EID_17457,0.19940423599332285
EID_14976,0.1998188675901459
EID_8914,0.17769671350755892
EID_5721,0.1814154022351888
EID_11266,0.19611008229942514
EID_17012,0.19233193845776986
EID_7554,0.16913379100889725
EID_3087,0.19502774691409594
EID_19716,0.18289647420752322
EID_21723,0.19640232313959702
EID_13072,0.1867601708965151
EID_9776,0.18914623467535943
EID_25927,0.20334648882886047
EID_5593,0.19287272243437267
EID_13954,0.18483313360161188
EID_16034,0.17897356780979534
EID_1719,0.1925141529062271
EID_23054,0.19952063400939155
EID_15591,0.1806561136961939
EID_5178,0.17926206005388728
EID_24346,0.2032755089813736
EID_21264,0.1965721048430334
EID_3292,0.1780283828383635
EID_14975,0.19003296647231052
EID_9165,0.16810030091861733
EID_23369,0.17676580580434897
EID_18767,0.19039889709427346
EID_10153,0.17547005625105125
EID_2542,0.18270964342868326
EID_23826,0.20287654442101655
EID_20391,0.2048058627509429
EID_8633,0.18749072719792126
EID_5875,0.1823959035006246
EID_12699,0.20051995849906099
EID_12982,0.18569753556273055
EID_16392,0.18460102374805262
EID_8185,0.19273516722201775
EID_15462,0.19575970304057985
EID_4853,0.2020821432817433
EID_17622,0.17502184491262052
EID_23074,0.20402155463031238
EID_6390,0.19370415888664722
EID_24539,0.19018212832089837
EID_12963,0.19040614059564326
EID_8649,0.19216346827944356
EID_11810,0.1955975007238715
EID_3598,0.17542671043910368
EID_13511,0.19618028486036423
EID_16014,0.1902445941103599
EID_24791,0.20470526160923144
EID_3417,0.18316603036625187
EID_24668,0.17693785980268187
EID_4508,0.1825765012172307
EID_25150,0.18428325818309738
EID_25934,0.1781575359296594
EID_6308,0.1708274460913789
EID_10508,0.17913363511794117
EID_18724,0.19554390715362957
EID_10536,0.18565458431714182
EID_18738,0.1821767695838455
EID_15949,0.1791592040517646
EID_20722,0.18206279377695087
EID_14963,0.1858204137547483
EID_6682,0.175084481910918
EID_8365,0.17982223374062062
EID_17999,0.20443317509615988
EID_24499,0.194842645603297
EID_20389,0.1962441207456251
EID_12123,0.19351959642314415
EID_19203,0.19106908682764698
EID_3538,0.20096933749816911
EID_19811,0.1918884029216776
EID_11473,0.19420718881256885
EID_3032,0.17502422489659342
EID_8419,0.1907122963286862
EID_9052,0.20323419209887214
EID_15837,0.19447593413598763
EID_6644,0.17831223934521798
EID_16894,0.18083215406525646
EID_10552,0.19733361401244395
EID_14750,0.1897658830263435
EID_16659,0.192482948372039
EID_4472,0.18892849081692542
EID_4076,0.18625504007446012
EID_5163,0.17512610460910158
EID_25923,0.2105074139536963
EID_24806,0.18560282695956806
EID_3742,0.18803098309682223
EID_19722,0.18984113204841727
EID_18033,0.20478030014994417
EID_16718,0.19362663698623783
EID_13182,0.1859596660969807
EID_23021,0.2122275293462906
EID_20329,0.19313278800663822
EID_8770,0.16386075863123936
EID_11234,0.19617408000945546
EID_18881,0.19012959925840678
EID_1365,0.19541588477563052
EID_19318,0.18777202589137873
EID_19343,0.18431130619994368
EID_4435,0.17936211748340397
EID_22102,0.19150654709398732
EID_24095,0.18446303788936497
EID_9897,0.2054539985705406
EID_21635,0.18794717518376708
EID_16514,0.18932010423574647
EID_1997,0.1828756071635113
EID_10324,0.20311116257017073
EID_6487,0.1954329487248886
EID_21197,0.19327646744427487
EID_19082,0.19619639573382033
EID_17562,0.19211463235807352
EID_8738,0.19824487767323906
EID_13687,0.18335486091106198
EID_19572,0.17761431101316907
EID_24909,0.1879458903110198
EID_21814,0.1803707751998153
EID_12083,0.19796162666202233
EID_25919,0.18574001675710614
EID_19140,0.18889951678791317
EID_23924,0.20014633978062601
EID_1208,0.17220936015624483
EID_18170,0.1916443159941576
EID_18699,0.18969357570950796
EID_1318,0.18676739986400803
EID_14941,0.19038478712316995
EID_6540,0.1875493672237718
EID_20936,0.19994001212609455
EID_9705,0.19668042621357307
EID_24181,0.20145061321665292
EID_22138,0.18477368540046704
EID_23044,0.19344662105919364
EID_9038,0.19235831154142094
EID_3247,0.18652383093747268
EID_19630,0.1829454895415073
EID_8655,0.19002914056662398
EID_10423,0.18947294316436597
EID_3946,0.1698011198716843
EID_16512,0.18312531279596295
EID_12473,0.20965869770687742
EID_11571,0.1816803154492655
EID_14381,0.2013213849119628
EID_12675,0.20735232425797004
EID_1930,0.1818070084323361
EID_20155,0.19658683671470042
EID_22902,0.19633468200203544
EID_24145,0.19119032488513824
EID_5342,0.18614663288063213
EID_8334,0.17512361264579576
EID_25708,0.1961921663974532
EID_19991,0.1878543146351537
EID_5499,0.2005795641363659
EID_5953,0.18027950107803975
EID_7444,0.2028805278066302
EID_6218,0.21305253373597738
EID_12891,0.17658080680476615
EID_16456,0.19614878602297442
EID_20256,0.20817771921440328
EID_9959,0.1973417845477434
EID_8845,0.18976637811617458
EID_1662,0.18300892733434027
EID_8739,0.1847102964735982
EID_20695,0.17626368474112508
EID_19446,0.19723430577453435
EID_12441,0.20613635083396809
EID_13066,0.1744016112571898
EID_8911,0.17891647352016118
EID_22200,0.1896095106066109
EID_9689,0.1725795855623698
EID_1668,0.18655881405812436
EID_8120,0.18980181647105318
EID_22777,0.1965238185874479
EID_19141,0.19977668305159668
EID_22674,0.18961881285631385
EID_16121,0.18590446365681218
EID_14662,0.19038487165333398
EID_23290,0.19836366163537703
EID_20144,0.2002856014817371
EID_23052,0.19664863640491004
EID_25575,0.189932966446024
EID_23724,0.1940669487282042
EID_14759,0.20236582967952535
EID_25209,0.19410647802398154
EID_17753,0.18061100212585282
EID_4693,0.17752121059647755
EID_17284,0.2025143333426935
EID_9131,0.18835690310196956
EID_24625,0.18963115712830206
EID_24912,0.19497022173717662
EID_19612,0.18635560590814443
EID_9147,0.19991368405997426
EID_6891,0.19006055834329813
EID_10639,0.1944670750491917
EID_5880,0.19028009393485362
EID_22547,0.20339035121746304
EID_10066,0.18632559618254932
EID_7126,0.17022430748962994
EID_4929,0.1699309040478996
EID_24750,0.21089287051203337
